-93.3235095543,-93.3048670574,-98.9733906544,-99.2830212369,-95.1530873136,-90.5952045447,-90.5828199244,-76.9181317671,-77.0612682818,-77.0567229727,-103.612982541,-103.618347684,-107.861187415,-107.349358907,-83.7196968428,-83.6886926328,-83.6920253456,-103.478589971,-106.135948824,-105.168668386,-104.349046969,-106.109843784,-110.291443163,-114.209449505,-110.136973943,-108.872541835,-108.646787099,-111.728101007,-113.756146465,-117.953339561
-96.3145412612,-96.3594919454,-96.9495088437,-97.3390308817,-97.6282323906,-95.5892940527,-95.746323238,-68.5365364027,-68.5438914933,-68.5444837361,-111.048934452,-111.265844145,-113.092899287,-116.191286902,-90.7354026808,-90.7414604682,-90.7224158455,-110.676520458,-108.078540718,-105.938418732,-104.249297655,-98.3746641629,-98.7464119383,-99.2356957455,-111.78814595,-107.328822511,-107.540638768,-108.145261534,-114.170700386,-115.205268463
-97.1469517602,-97.7482859197,-97.5711140703,-101.503301453,-100.944469168,-93.3881920781,-92.5255646496,-74.5001962802,-74.5522362251,-74.563715791,-107.726214288,-107.296620627,-110.611546636,-99.684578025,-93.8690915702,-93.5705874712,-94.6999514428,-103.980401885,-107.922370246,-103.847189369,-103.697966086,-103.978056938,-107.893422353,-108.170891664,-109.098121073,-109.084974719,-111.219268185,-111.866371759,-115.361948088,-114.146099977
-101.905009107,-102.121531659,-102.503496242,-104.419747793,-102.158866915,-90.0457831175,-90.004266763,-76.8545533594,-77.059770385,-77.0624409001,-108.910671264,-107.105189381,-107.473556973,-103.284384727,-95.6083717941,-94.9661362177,-93.7593651527,-97.192225391,-97.2879324482,-99.6624187888,-99.815954408,-98.981886448,-101.415326194,-100.799923348,-107.681493023,-106.814117341,-108.644314652,-108.951614071,-112.774354411,-115.605407255
-98.1572731023,-98.1676472424,-100.963908775,-106.627651376,-103.592668609,-88.7746132738,-88.6976426957,-74.4041489856,-74.5621542845,-74.5623450711,-104.500723959,-104.489624201,-108.74498515,-104.870288549,-98.8246574427,-98.6732921932,-98.7201672642,-102.011817365,-101.928230732,-93.5637312245,-93.7704802303,-93.410167304,-102.972474271,-102.824042327,-109.018308519,-108.8483302,-111.273584772,-109.163212428,-108.975869989,-110.132575582
-93.1731626356,-93.2719406789,-93.1031978578,-92.9344592899,-92.4864380369,-87.4814980584,-87.4032744308,-74.3516296401,-74.5565867258,-74.5618294586,-103.827470233,-103.132990487,-105.4489194,-105.503609402,-91.9041106764,-91.8918683388,-91.9436631621,-102.956994215,-103.463916591,-99.0777993133,-96.800124602,-94.9768168525,-96.3150685065,-99.3690334085,-110.820440084,-106.339134006,-105.757063114,-106.441299035,-110.617133778,-109.940636916
-99.12262848,-99.7964536051,-93.5934015787,-93.9814953155,-94.1347523779,-90.1797324745,-90.0109192727,-80.1164527979,-80.5626246203,-80.5702861889,-104.166128903,-104.229226048,-109.872483631,-111.892466319,-100.053432152,-99.6234759321,-98.0434150933,-99.5569701494,-98.3551788248,-98.3968428041,-98.8707705665,-99.0957965523,-101.158483536,-103.501497956,-111.409683926,-113.629673191,-113.759804118,-116.826632295,-114.104434765,-108.039297975
-92.9848584327,-93.7261798274,-96.8164567656,-96.8747279947,-96.2255400828,-93.3777532941,-92.9569272132,-71.0175277807,-71.0405504358,-71.0384502402,-100.133243926,-100.312177866,-108.405875685,-106.992021665,-94.7683288146,-93.6459092638,-93.5497783503,-98.7701269584,-102.514866725,-97.538913284,-97.2099905048,-96.8817255207,-101.569123572,-101.4869615,-104.519592385,-105.156837952,-109.502391181,-112.16215265,-111.185750629,-110.544582072
-97.1998843068,-95.5966712959,-98.8197107746,-98.9244502916,-103.297727069,-91.7244119223,-91.4620109615,-80.2491362928,-80.5630878574,-80.4978908485,-97.0248345878,-97.0342642451,-106.077480569,-100.932700406,-97.3861090099,-96.6931399212,-98.4036589309,-103.054821722,-104.159463085,-102.781192845,-102.854688797,-105.207206464,-109.76015263,-106.807529453,-106.531248436,-106.240047293,-109.580689969,-110.571210856,-110.381489185,-114.933886156
-94.4643753922,-94.5077941745,-97.6133615894,-98.3610580136,-98.126878554,-93.5403160329,-93.3897935144,-72.5917962162,-72.6252522571,-72.6140590681,-97.2742358462,-97.2796278525,-105.550638045,-107.010865125,-94.7623082772,-94.1574416474,-94.2946023829,-101.218541878,-104.244705751,-104.415565928,-105.14631077,-107.740427423,-108.128229574,-111.092054679,-108.48287863,-106.580694127,-107.046529279,-108.508760339,-112.680012113,-111.366232862
-102.110750374,-99.6289406655,-99.7767329867,-99.1367131778,-98.8644197784,-94.6786448993,-94.4432076231,-72.6036019197,-72.6223602738,-72.6261985109,-109.230630424,-107.636598484,-110.195204464,-105.764307043,-98.3207524514,-98.3632467704,-98.3684563614,-105.277292454,-105.07242926,-100.270052943,-100.570871421,-99.5139666189,-105.012047957,-105.784150565,-114.876812211,-111.222587236,-108.53643691,-108.646390476,-108.141223425,-106.251902983
-96.9646608653,-95.9973073706,-97.8356030818,-97.5850037957,-98.4620734063,-91.2955603809,-91.4180577054,-74.4816551865,-74.5629397981,-74.5548955144,-100.34793223,-100.361144707,-109.99276731,-109.714713929,-99.2025436819,-96.8397823453,-96.8660463507,-100.076489665,-107.60170364,-105.597377044,-105.327914174,-106.121530281,-111.806055503,-104.568973552,-104.565223835,-104.381585051,-112.321920273,-113.693848433,-111.752215976,-108.658857023
-94.9058375341,-94.756663831,-99.7111840453,-95.0593334288,-95.1221199895,-91.8706627661,-92.8916331522,-67.5093435043,-67.5195678524,-67.5212011432,-106.293245667,-107.265571641,-109.79654267,-104.640068786,-97.1531554348,-96.5402917417,-96.8348214355,-100.900417441,-102.113381739,-102.331595032,-103.947007853,-104.288924954,-105.908569348,-109.590867611,-113.75733234,-108.413700113,-107.854573779,-108.17912111,-114.741722928,-115.299398113
-100.809963795,-96.6497474958,-93.6843146078,-93.1076447865,-94.6120562767,-88.4836160726,-88.8438145023,-72.5245050301,-72.6259103128,-72.6251200695,-105.101556919,-105.813627144,-108.982853559,-99.611111143,-95.069740337,-94.9938586515,-94.776907262,-98.7188582113,-98.7827969288,-102.055769926,-102.291294467,-100.376898795,-103.69303626,-101.709284222,-105.556841549,-103.87776761,-107.58460168,-107.809151277,-113.233218658,-111.469360903
-92.3465687974,-92.305366266,-96.2992007321,-96.4341436016,-95.1890281547,-92.6403906101,-92.7095298228,-68.531277837,-68.5444054204,-68.5438508675,-105.610712127,-105.195825898,-113.037761388,-106.717006586,-102.20803481,-100.575652316,-101.146708646,-102.104775132,-103.228731207,-103.126603918,-105.869482394,-99.3956960503,-99.7308630071,-99.7374381912,-113.057378999,-113.091697823,-112.941696676,-112.864665517,-112.440652063,-116.418619799
-89.6736706039,-89.1334889856,-96.4755423361,-96.373029151,-101.685369115,-96.0226062275,-95.4494727192,-68.5359194531,-68.5432181738,-68.5438014852,-102.144375863,-102.218539809,-104.136982098,-112.638940776,-104.500097907,-100.223429816,-99.853304066,-100.987538371,-105.779570268,-101.753238354,-101.059263946,-99.4983364689,-101.820848507,-103.088704983,-110.763798103,-110.590438377,-110.979085304,-109.296994553,-110.126983814,-111.201128474
-100.86131977,-101.585588317,-104.005792017,-106.91763818,-100.350177996,-99.6916043442,-98.4969966733,-80.555892436,-80.5668477404,-80.569082006,-104.680390794,-105.044427278,-115.000692438,-107.827419864,-105.361365666,-103.97389917,-103.759696122,-105.45097024,-105.645106588,-97.7369844907,-97.4595179415,-96.0951521058,-100.37539609,-100.319173428,-108.007752028,-105.928670636,-108.51106476,-107.510378956,-110.230403008,-110.269036562
-95.0711238284,-95.2423918557,-97.989693319,-97.7412522834,-98.1899868896,-90.0967355597,-89.8343683605,-74.4398507644,-74.55634283,-74.5606548013,-102.90216517,-102.827662711,-107.760250657,-105.36826749,-95.9432202136,-95.8492854984,-96.1327723944,-103.390967551,-101.187123126,-95.2476180662,-94.1043982913,-94.0401030911,-97.9063564846,-103.453312451,-116.566282479,-108.437937135,-106.00068317,-105.647966472,-107.216414991,-109.287256239
-90.2865310164,-90.6594655591,-97.7912279296,-96.9366980079,-96.487498086,-91.2935535664,-91.4897527516,-72.5741634553,-72.6263190165,-72.6241273851,-104.064896656,-104.127891401,-111.277096417,-102.27494121,-95.9573436633,-95.8179726954,-96.7962887993,-104.699909337,-102.643794018,-93.9193900877,-93.5525048365,-93.1353899315,-98.7558265683,-100.901524391,-110.508188401,-108.844440868,-109.320928804,-110.673689868,-113.519129189,-108.309483524
-92.2509510037,-92.6199514999,-98.103150844,-97.827598632,-97.2548377403,-95.6277241539,-94.941161836,-68.5354719559,-68.5428349233,-68.5435716557,-102.557877146,-102.496427673,-106.161702766,-103.439875211,-99.9839584624,-98.1775261385,-99.4926391911,-100.793506735,-103.704170645,-103.389546224,-104.338559895,-105.645819912,-106.443850181,-108.628646697,-108.84505907,-105.184568412,-105.726998795,-105.656508657,-110.374029867,-109.237194358
-91.9735683029,-92.1599296098,-100.386310102,-98.7186147733,-98.3528846721,-95.2776316586,-95.9396293799,-68.5371745368,-68.5445403938,-68.5378407858,-96.4353804386,-96.4037102312,-106.000232415,-107.337816412,-99.5999599839,-99.5168948321,-99.5269856936,-105.428536952,-104.05432684,-99.4976044105,-98.2381087705,-98.7810597546,-102.330474481,-107.938213602,-108.802916785,-105.49859028,-104.989205937,-106.043470273,-109.814112306,-113.959917121
-99.3459791612,-99.3983978666,-94.1482368419,-95.0857946815,-95.3545415154,-93.6552767308,-93.2439063171,-71.0174169087,-71.0407011651,-71.0421331865,-103.317195597,-103.196732592,-105.608503733,-108.904218428,-99.5779996672,-99.4118410988,-98.778036532,-104.721631804,-105.262997074,-100.938365559,-100.395052907,-99.5989250785,-104.580415276,-104.839389142,-106.554361824,-105.486054849,-107.075939211,-110.358136613,-115.234879644,-108.772071882
-95.2897174904,-96.9086339039,-96.1624119771,-96.5143174249,-96.1799441755,-93.2563449631,-93.168322013,-80.3626660149,-80.5657396486,-80.571667252,-104.679843398,-104.874178695,-108.084670612,-106.462048003,-99.8074663429,-99.6525561165,-100.060846378,-107.013745042,-110.185481946,-98.5391616635,-98.48870531,-98.3324369087,-108.197002885,-107.918984612,-110.372326673,-106.69491681,-105.978572763,-105.809948552,-107.309541489,-109.36228388
-96.3088546521,-96.0281220968,-97.6903156408,-98.6961839524,-101.466197212,-93.4282067038,-93.4126263822,-64.3224181307,-64.3273515047,-64.3268123724,-101.242545184,-101.203949759,-107.009874103,-104.211919213,-96.9890655206,-95.410371698,-95.2799046007,-98.7573369143,-103.185680358,-105.285272314,-102.07682178,-97.2331489548,-97.6761751718,-98.1220627437,-106.822359162,-105.781061855,-109.90966811,-110.398515164,-110.512067117,-109.140611823
-98.3609469038,-98.3853187327,-99.7021579601,-102.441369924,-97.7879595551,-97.7160985991,-97.8642353842,-86.5499924618,-86.5972621684,-86.3467199522,-98.0414405239,-98.0866254809,-105.683838717,-100.031041026,-97.2839164461,-96.8229131185,-99.2913074195,-102.982147316,-100.807082407,-97.2103026635,-97.679837679,-98.3786456007,-104.435302158,-104.317997273,-112.338384271,-108.342737876,-107.068256153,-106.263697087,-108.112209438,-110.352874488
-103.528771191,-96.7790693956,-97.2031938082,-97.119044849,-97.7110514688,-89.5205923956,-89.4697507902,-65.0092678004,-65.0223830703,-65.0207347207,-97.6799932218,-97.6482198109,-105.558267997,-107.951033673,-103.393997695,-102.295889479,-102.684873529,-106.510126548,-107.409151489,-102.632195647,-101.864601532,-100.131020371,-102.089059223,-102.798137571,-103.860733175,-104.285640044,-104.335654507,-114.197544872,-108.314744108,-106.80274442
-101.011135768,-100.202338751,-102.433418815,-103.092584506,-106.457048597,-99.5282295999,-99.3682966089,-66.6042453906,-66.6063447786,-66.6062416247,-107.797448324,-106.649794279,-108.748845103,-102.933996724,-99.9010963625,-99.8422339956,-101.017173156,-102.611482027,-101.844461806,-98.1397902174,-98.2156580071,-95.8154945015,-98.066201677,-98.3801803055,-106.158910215,-106.329829176,-109.274289518,-110.134156684,-109.303928157,-111.347696992
-101.261724693,-103.49433731,-102.157584752,-102.66837573,-95.7487154746,-86.2389010827,-86.2129286566,-62.5073060923,-62.5239034026,-62.522867126,-98.0525823454,-98.068275541,-109.105150538,-105.714895831,-102.837748336,-99.8529761781,-100.430535078,-101.276199442,-106.754981533,-102.509611015,-98.8867055318,-98.2675297578,-99.4009832712,-102.789356859,-104.362359372,-104.32677058,-107.168622867,-109.223132848,-113.641895714,-111.316898322
-109.520079547,-111.667553862,-111.198271629,-108.288517628,-108.229475042,-106.185212156,-106.902199011,-106.717758974,-110.267180635,-96.9001237354,-94.7030575149,-94.6922273181,-98.3519108913,-103.491831575,-98.4503340879,-97.3491270361,-98.0557473523,-102.367492399,-109.220346215,-96.7588627339,-51.383717335,-51.3837160604,-51.3838243136,-105.439812219,-105.154533084,-103.890288992,-100.288911166,-99.8461004405,-101.547464439,-105.609930998
-103.976027384,-104.829488,-102.25725559,-101.985174028,-95.7386320362,-86.2631763153,-86.2350656149,-64.9930179918,-65.0224622141,-65.0204906132,-97.628574109,-97.5276527621,-107.503787048,-102.528910952,-101.54871649,-98.7011563731,-99.9509803206,-99.8986883271,-103.689011802,-96.7496443739,-96.1397995966,-95.7727418715,-100.17473115,-102.597893474,-104.828066575,-104.617457891,-106.159587831,-108.21915381,-112.316643118,-111.216856709
-105.662867711,-105.352986613,-101.403290264,-100.575652477,-95.5315761348,-86.2804603083,-86.2509363846,-68.4775965889,-68.543499286,-68.5387264838,-97.1256624075,-96.8314194859,-105.307657248,-99.9195306246,-99.9992110754,-97.4605123449,-99.3929249148,-98.5711486362,-101.210488792,-93.2023967033,-93.2862778774,-93.0989275231,-100.69257913,-102.102780727,-104.885865465,-104.317770499,-105.010057372,-106.854229206,-110.393513763,-109.968109504
-95.5366243561,-95.3805213707,-99.072514966,-99.0658632922,-99.306165191,-82.8164042888,-82.8222912726,-65.6939144144,-65.7782660234,-65.7769029066,-98.6818802862,-98.6423655073,-104.242557355,-104.018078205,-98.9856438263,-95.7346781272,-95.9442320258,-97.0000196639,-98.3977084832,-95.0123701946,-94.4326343822,-94.8834857614,-98.7346532521,-102.435726239,-106.945447066,-106.481866047,-105.89995531,-109.557269436,-110.376355591,-110.975596897
-98.9110903124,-98.288671723,-98.8948263818,-97.9270386476,-97.9583291236,-95.592981952,-80.1361793591,-80.123689774,-64.892248789,-65.0220609379,-65.0226774937,-105.836155182,-106.323948007,-107.560470759,-103.403355912,-100.120942115,-99.4534472108,-101.34772017,-102.860709305,-103.663118723,-99.2050199792,-99.6841462463,-97.2660001454,-99.6689256264,-99.571922506,-103.615911309,-103.682846023,-106.179588656,-113.334339726,-105.952019567
-105.29257729,-101.794404785,-97.2999678386,-95.1071540354,-95.799172922,-95.2378833423,-74.8716234977,-74.8580754117,-64.5956849275,-65.0213276294,-65.0224957679,-104.14929828,-104.144818382,-105.549876905,-105.610461815,-98.5648798788,-98.7144814054,-98.1004092082,-102.813971671,-101.825994984,-100.663963678,-101.369680473,-100.412577636,-104.143586609,-103.2605963,-108.555802581,-108.570024428,-111.350090915,-112.209336327,-112.092466045
-98.807267974,-98.7878169597,-98.9678890813,-103.510926157,-100.798406037,-100.413654594,-65.601885074,-65.6022438494,-61.1533435686,-63.0844025074,-63.0843578771,-104.90021179,-104.450403511,-110.228331798,-107.660271614,-107.060826928,-106.510462158,-102.171196349,-102.173109203,-100.50670016,-103.21941347,-102.726698765,-102.811129189,-103.460109238,-104.484460397,-108.580655022,-107.846858841,-108.723166345,-112.424691732,-110.95950074
-95.8285458618,-96.1733269588,-96.7682513539,-95.011519981,-95.0023123953,-95.1359835094,-63.8366990909,-63.8367219299,-61.6897339997,-65.778425301,-65.7781051773,-100.281765573,-100.260528704,-101.354459338,-106.88506064,-94.574346671,-94.2438769712,-93.6682624947,-99.8888501373,-100.176702785,-100.633181779,-100.478126248,-100.483288936,-104.154508711,-103.748211845,-107.441733962,-108.425520314,-111.488696228,-108.615578212,-106.019805235
-95.9239642548,-95.9979610516,-95.4425512332,-99.6911595071,-99.7977363213,-101.66700876,-66.2204172003,-66.2202143836,-64.218512181,-68.5440994177,-68.5432098728,-103.177214229,-103.599975094,-111.075979852,-105.949131901,-100.107272124,-99.2725689637,-99.2279548727,-101.701197721,-101.450509372,-102.418432608,-100.227671322,-101.194444758,-101.558473516,-109.703329538,-113.126896817,-113.171702796,-111.755083147,-113.731960485,-111.858968177
-97.3873336006,-97.2476091488,-94.3439022736,-95.8531937974,-96.0421732382,-95.6519859919,-64.3348172804,-64.3341321476,-63.9429743252,-74.5566709854,-74.5516671185,-99.2347183558,-99.3782948556,-109.183811989,-113.129949031,-102.771968858,-100.322069332,-99.4363636617,-101.46593376,-105.221269056,-99.9107012907,-99.1570288518,-98.7250195306,-104.082645843,-105.362933264,-106.796931851,-106.666048754,-108.186252383,-108.944610938,-108.709514247
-102.232635806,-101.705916609,-99.8642777784,-99.2629733324,-99.610238404,-100.561873045,-65.8618639082,-65.8616007578,-63.9890724841,-68.5438963327,-68.5378668521,-96.3330163975,-96.2947332062,-106.930429312,-104.472539422,-99.0790510567,-97.4191697393,-97.9408981492,-101.643441373,-104.263805483,-101.243277105,-100.085110193,-97.6704215845,-99.0501071998,-99.8097593428,-111.062463062,-109.612682617,-111.40976954,-112.895395385,-114.386676661
-97.3615514238,-97.4660756821,-99.3486137502,-96.2359534291,-95.942559754,-96.056775992,-63.4959067662,-63.4958052269,-60.8815271374,-64.3271281669,-64.3267909275,-100.287783772,-100.641806665,-105.511976918,-103.07146923,-94.9760170596,-94.5040788472,-94.4675210779,-100.22164121,-100.882939228,-99.5239416291,-98.3753317011,-98.8001083676,-102.795475987,-105.660826392,-103.732888697,-103.151910616,-104.600460998,-110.399544633,-115.565461101
-96.4558390913,-96.4469312773,-96.5331943482,-103.46345936,-101.041830212,-99.4708002922,-63.8358295818,-63.8361061315,-55.5403761606,-56.2361408631,-56.2353079815,-93.2609950236,-93.2773734727,-114.295947022,-107.994928547,-98.1070192776,-96.819770829,-96.1211258722,-98.4383792864,-98.7787516025,-96.865394009,-97.7468992332,-95.0396724937,-97.2058083818,-97.1609131225,-108.572813353,-105.110575027,-104.767345362,-106.112328395,-111.741486455
-101.737473967,-99.8633858139,-100.324054806,-100.498020606,-102.312515611,-99.4946773372,-61.6379495244,-61.6380107836,-57.1130094246,-59.0021865683,-59.0017706852,-98.1891824444,-98.3010889391,-105.589287015,-99.6198126752,-99.5331616167,-99.0374002603,-95.982738939,-95.7851275955,-95.865816301,-99.8992597466,-97.8952061884,-95.6528651659,-97.0283677689,-97.9124795877,-103.592566347,-103.610590401,-112.903183837,-117.917918597,-113.794870913
-93.1611718304,-92.9721421062,-93.1662045378,-103.437474979,-105.955348768,-97.581129461,-62.6669379525,-62.6669632146,-59.0352088227,-61.5009333377,-61.5004638164,-100.15541386,-100.105568879,-108.730746659,-106.929466978,-97.183190194,-96.276328736,-95.8278065511,-95.0549028251,-95.0683403882,-93.5617076644,-93.3842753799,-91.2779871664,-92.4087347161,-94.4054852101,-104.677476109,-103.778579613,-108.872160006,-109.157207353,-114.407811015
-98.2824876701,-98.1920849847,-99.7986592866,-98.5598068089,-98.7207125574,-97.1828797804,-64.6358787187,-64.6360786137,-54.3575348421,-54.7851481419,-54.7851081608,-104.412521566,-104.107813398,-111.266406208,-109.700371888,-104.080551338,-102.412696372,-97.4250273117,-96.5040085268,-95.9558087094,-90.6924023721,-88.9450606826,-89.0042589115,-92.7311168577,-103.083160445,-106.955717415,-105.867989037,-106.746586154,-107.19934456,-109.31452624
-94.4697320609,-93.997206866,-95.3544984674,-100.196032424,-103.769372065,-100.671346777,-60.8152554914,-60.8151310895,-47.6036421164,-47.8160505321,-47.8160454528,-101.513312742,-101.472733604,-106.266027894,-104.624092385,-97.2900592856,-96.6738549616,-94.7960574258,-96.9294746099,-97.1884312674,-101.722727576,-103.602231585,-98.2554051323,-99.0059407779,-98.4508748286,-106.663174399,-104.37318477,-106.762977728,-107.494694774,-109.571660926
-101.821535607,-103.104423849,-103.109376298,-99.8149714313,-100.575248741,-100.838496118,-61.2687338415,-61.2687175472,-56.7530768567,-58.6475835775,-58.6473356878,-99.0080010896,-99.0592923443,-105.152739828,-109.154150022,-102.751788962,-101.144285583,-100.8658277,-100.269913021,-101.399642127,-95.7449790776,-96.2728977638,-95.1226726402,-100.005165791,-100.248713978,-105.681722204,-103.800395644,-105.266160025,-106.261187626,-111.002779177
-99.5021273626,-99.4157818186,-97.695486223,-99.4011231043,-99.0042917573,-96.5679012183,-64.6344232622,-64.6342492094,-47.5331890097,-47.6186301377,-47.6186401311,-108.680566836,-112.292510532,-113.452894416,-103.685900452,-98.0222743352,-97.616140381,-97.2071996499,-100.365961627,-100.293592559,-99.2440260526,-97.0037409775,-96.0078571819,-97.5203502479,-99.0045768684,-102.423172309,-101.560086346,-105.546771559,-105.985039522,-111.342665601
-103.229272977,-103.752660593,-102.521286438,-102.013062453,-100.877987279,-100.496872491,-71.1238841125,-71.1228491049,-46.7659740669,-46.7819099538,-46.7819031405,-100.299439753,-101.005400161,-114.307249967,-105.410217609,-99.1877855979,-97.7086173833,-97.8608836099,-101.38316029,-104.514079646,-107.966478349,-105.421352707,-100.632240786,-100.54665534,-99.603647383,-103.6692301,-102.816615344,-107.714641751,-108.53936596,-115.264938585
-112.382642415,-113.696676686,-114.872689057,-114.386603529,-113.849083189,-114.017610204,-110.561347013,-112.081563471,-111.996650342,-118.140848396,-114.848146924,-113.809348154,-115.079546741,-119.102669467,-116.515559317,-116.279230232,-114.547556015,-110.339987958,-109.782566057,-108.991195147,-112.76737089,-113.389505101,-117.780311288,-117.272278753,-61.2894360807,-61.2894225235,-61.2894162802,-113.385717723,-117.280094558,-128.965158749
-112.28436237,-111.961816136,-114.321883691,-115.443718115,-112.571632609,-111.891849235,-110.04271016,-111.533673876,-112.558904606,-116.142230517,-115.017939762,-116.484487989,-119.237656998,-123.863293281,-120.010679539,-117.233112537,-113.616971701,-113.632001253,-114.235197698,-113.634630016,-113.738607894,-113.693094752,-115.819308004,-115.151247316,-49.2482421035,-49.2482423908,-49.2482423964,-116.288439478,-116.296267098,-113.571638422
-115.535127355,-116.361208514,-113.730622612,-110.169200237,-109.064221032,-109.767709523,-111.01212707,-112.894507392,-110.503077492,-113.916586169,-113.445547498,-121.025057745,-116.916460286,-117.295736311,-116.266313379,-119.498926592,-116.909393743,-114.753658618,-113.020291203,-112.494293688,-111.802779767,-112.829657181,-112.624875963,-114.248556984,-61.2894232528,-61.2894147718,-61.2894071705,-109.756764951,-111.030493844,-111.24585845
-110.380115332,-109.923895338,-115.426494752,-118.370928936,-114.470618918,-114.623423493,-110.402234026,-111.318070631,-110.403797375,-112.119686772,-109.398481163,-109.514187166,-110.707844683,-117.442227438,-121.380625916,-118.392934465,-118.521310501,-119.779072893,-123.095552577,-118.273793207,-117.624691961,-116.81550918,-117.229379474,-116.19905144,-45.726417618,-45.7264173267,-45.7264167442,-110.429628371,-110.310016471,-112.789340725
-111.578394916,-111.136150948,-114.380306937,-112.191201465,-113.404488149,-114.286540003,-113.815999267,-114.16454478,-113.435335584,-118.891421066,-112.52256364,-112.956823952,-112.691233196,-115.85768968,-111.956739285,-109.88843063,-109.422270035,-110.857432003,-112.84660945,-111.576607724,-109.226525776,-108.251840063,-109.445370681,-110.558418919,-61.2894173375,-61.2894176351,-61.2894060265,-110.545546086,-109.618648934,-111.159797747
-109.048832518,-108.244210803,-109.865743524,-111.62416757,-111.078195722,-111.203437629,-111.662020545,-114.04783544,-113.336462023,-114.467250166,-111.929364572,-110.747334263,-110.316620959,-112.380795799,-114.38307812,-112.010430908,-111.337787199,-110.422248638,-110.570299716,-110.773013243,-111.366771958,-115.171015085,-112.226534619,-112.208849293,-55.2688352344,-55.2688171492,-55.268817184,-106.952811444,-112.208680643,-111.760754425
-112.582306594,-110.168979308,-111.495768071,-110.901854075,-112.447229852,-110.998982834,-111.230427441,-111.483241794,-111.335712567,-112.236911644,-108.700495872,-109.338414885,-109.256639004,-116.67815247,-112.680540957,-111.069183888,-109.823696491,-111.949780719,-112.834878143,-114.075398575,-109.776970216,-110.585449218,-110.683539416,-113.692040867,-55.2688367431,-55.2688378883,-55.2688366415,-112.909158458,-112.077764758,-113.080038126
-110.722588748,-111.715642017,-111.857421945,-112.490463621,-111.18795993,-109.114046641,-107.116362159,-104.686009034,-105.69831426,-106.918244852,-113.922236753,-113.966509605,-113.138849862,-110.843030212,-110.570292857,-110.973316362,-112.015653066,-112.612414777,-110.560950305,-111.949709862,-111.56058905,-113.810600879,-112.945585835,-113.131723199,-61.2894310148,-61.289433308,-61.2893871798,-109.192154613,-109.375893879,-114.50202456
-106.489794573,-105.87292303,-111.988155973,-110.081207594,-111.604870835,-112.27675665,-113.3812436,-113.134561446,-110.31247813,-107.908241791,-108.137186102,-109.013180622,-113.717034058,-112.889507101,-113.194847142,-108.543671634,-108.785679955,-107.546818032,-110.5544095,-109.16953263,-109.092230995,-108.251840063,-108.846118434,-110.343136067,-44.3874815251,-44.3874803377,-44.3874802488,-105.924063599,-108.736765448,-109.748495139
-107.248837123,-107.611224594,-112.067785724,-110.149444574,-109.557475496,-108.850952539,-109.836225726,-111.638084444,-112.416821934,-117.907501786,-110.820937046,-110.925119611,-110.107158803,-110.979057284,-111.019352065,-110.081768231,-109.056868295,-108.557436328,-109.035460765,-112.035249562,-111.233209935,-110.889020724,-111.609606453,-109.265918475,-49.2482397816,-49.2482396841,-49.2482424462,-114.899037553,-113.64873934,-112.794457846
-112.006457503,-112.154080127,-113.921058882,-116.755919178,-114.064578578,-113.088750305,-113.963132843,-111.121835587,-111.418011811,-109.437887425,-110.791561216,-111.238142496,-109.899936284,-110.559341789,-108.450317069,-110.662107019,-111.237212508,-113.531212285,-114.354556735,-114.930479976,-117.947758133,-118.386505536,-115.173545182,-114.79768213,-51.7470159129,-51.7470126108,-51.7470122337,-107.560495609,-109.520881274,-109.668618899
-109.913997755,-114.383048934,-114.447982367,-110.866043288,-109.449830624,-109.330177616,-112.444096748,-115.507505412,-113.014647144,-113.280845636,-114.122468037,-115.032983977,-113.641265676,-112.28665977,-114.491500699,-114.444487593,-113.794697961,-111.403837892,-111.638556636,-112.598186667,-116.370353212,-116.047212428,-117.554695202,-117.367928907,-61.2894414848,-61.2894156278,-61.2894150267,-112.302522529,-116.485810025,-115.02381798
-108.43349522,-112.558327878,-113.848964336,-113.774605747,-113.339471946,-112.79433696,-112.422259807,-109.580935009,-110.763919454,-110.982746722,-114.171187182,-112.944364625,-110.939882914,-112.13327937,-110.431243985,-111.857163103,-108.788542544,-109.766013497,-109.43831143,-112.804251187,-113.071135744,-111.974966766,-111.279518207,-112.408046642,-49.2482420089,-49.2482422962,-49.2482413444,-111.727732141,-112.330055235,-115.406091351
-107.120927194,-107.457664425,-115.616395348,-113.761508063,-112.768774346,-110.131480013,-109.563685179,-108.721514503,-109.915248862,-109.875712677,-111.949243594,-112.641063872,-114.852426595,-113.845457243,-112.865471033,-112.923697812,-110.036502224,-107.279513779,-107.402660002,-108.32375389,-111.580810077,-105.91017954,-105.766543556,-105.222600706,-45.7264161795,-45.7264165502,-45.7264176598,-115.297192535,-112.965892756,-111.762200571
-111.726064811,-111.88365664,-114.35217566,-113.067627649,-114.355109006,-111.231871699,-107.464140459,-106.388602085,-107.245429875,-111.686463791,-118.407684474,-117.365458933,-115.012471515,-113.976420754,-113.650659446,-115.67667117,-117.848602419,-114.863153156,-111.282031523,-111.118597244,-111.765376916,-112.872253276,-111.577376893,-111.746147701,-55.268837346,-55.2688411021,-55.2688379745,-111.027516667,-110.844440227,-112.41837714
-112.853794092,-112.649375708,-113.337908746,-113.312423539,-113.321237975,-112.485120023,-113.368698805,-116.215933957,-118.003622538,-112.535425304,-111.274881632,-110.105725358,-109.859741242,-110.540498125,-111.742597936,-115.630159935,-112.287180727,-112.17160944,-112.258690248,-113.37191052,-109.644216149,-109.95541061,-111.123222586,-115.171857754,-55.2688386106,-55.2688362834,-55.2688386433,-113.476106129,-115.888290606,-115.144447816
-112.626977618,-115.084183785,-109.275807987,-109.368924475,-107.605396774,-110.735672089,-110.310972718,-113.803799805,-110.002015407,-110.969164025,-109.377747672,-112.608221548,-111.032454164,-114.359781275,-114.499474462,-114.098306088,-112.682570618,-112.154478172,-115.022126883,-109.69353545,-109.671592138,-108.18647142,-111.979811456,-109.854643054,-44.3874813939,-44.3874799434,-44.3874804545,-107.017917037,-111.31494458,-110.995094208
-106.392747247,-106.620559966,-110.613722177,-112.021587287,-116.335328317,-113.323716137,-112.434011786,-110.772683748,-112.198203589,-110.973301252,-112.370065259,-110.848907303,-111.172307238,-112.308483239,-114.582131648,-108.955151022,-108.782222566,-107.866249503,-113.397884768,-114.644453277,-112.091425708,-111.676866843,-111.472411292,-115.270826069,-49.2482422468,-49.2482325145,-49.2482328373,-105.295424031,-109.427962813,-108.558666985
-114.107129903,-110.999962579,-110.385923158,-109.453200912,-110.737836079,-112.08743506,-112.706143023,-114.289993659,-113.534947622,-116.549915988,-109.579166071,-109.750632821,-109.442029076,-115.434198775,-114.910651254,-111.625898934,-110.84193717,-111.706629184,-115.416238482,-115.724588898,-108.088892946,-107.807579663,-107.242935007,-110.554245635,-61.2894007583,-61.2894176351,-61.2894362689,-115.762412634,-112.740627231,-111.856341764
-111.171335786,-108.581675808,-109.018990564,-110.344510471,-112.746198421,-114.177720335,-109.550236465,-110.623468313,-110.221342672,-114.309081789,-114.185135399,-113.35028458,-115.778381781,-116.508585616,-117.486520978,-114.490680112,-111.17893122,-109.310741856,-110.032109997,-109.31487209,-111.291078039,-108.603639581,-108.856686034,-109.297359814,-51.7470143045,-51.7470173208,-51.7470173233,-111.664059966,-111.424135329,-110.210529238
-114.528790294,-113.354569459,-113.094066282,-113.615616493,-115.971061375,-115.376990825,-116.771264736,-116.165291253,-119.812957314,-119.171517749,-120.815743079,-117.331047967,-113.718111852,-112.820017002,-111.149814591,-110.465683143,-110.342807901,-108.687111791,-109.921551164,-109.482834723,-112.551821993,-110.939486868,-111.533042843,-113.113980674,-51.7470169603,-51.7470154721,-51.747011586,-109.176234246,-108.2850634,-109.587813827
-111.946158299,-110.654254308,-110.832327912,-111.294957577,-111.074916876,-109.726360815,-108.831589301,-109.782244537,-111.653198129,-114.451979617,-112.135522761,-112.519156786,-113.568896574,-117.044467577,-112.516679132,-111.305983466,-108.26779616,-109.00991706,-108.185912911,-108.564911567,-107.335783942,-107.870255182,-109.785330695,-112.194481543,-47.3100420644,-47.3100421306,-47.3100417996,-111.644417874,-111.010845921,-112.130692969
-99.667472875,-100.762523516,-100.68859861,-100.706028405,-102.13639301,-102.292219147,-102.420899732,-100.962826561,-100.219738393,-101.285279462,-100.805186891,-100.789602039,-99.3889343075,-99.8180748998,-101.047390666,-102.115728735,-101.830289599,-99.5087890148,-99.8010349322,-100.06437896,-101.574107317,-100.316716161,-100.61544786,-101.948007623,-61.2892869289,-61.2887158222,-61.2886041067,-97.1417238851,-99.6393765805,-99.0502062056
-108.269980331,-107.477557711,-109.721027959,-109.824317253,-112.79199185,-106.163106546,-105.909237106,-105.43347483,-108.461197443,-108.533668332,-107.574394538,-107.667295626,-108.215620046,-107.514172102,-109.136266349,-107.250759466,-109.670460821,-108.35198084,-110.528869719,-110.296234855,-110.378619634,-110.295003875,-110.938850468,-111.165589618,-49.2482408621,-49.2482359186,-49.2482369737,-106.425544728,-108.348158559,-105.830621209
-108.810945512,-112.905886659,-120.127656109,-120.536348593,-114.969139599,-114.078043393,-113.143924309,-112.300997209,-112.143933639,-113.254974954,-110.403171544,-109.88285895,-109.453977584,-114.510593483,-113.753499039,-113.825045789,-111.61112388,-109.222520353,-109.509919892,-110.458642537,-110.76367812,-110.962380116,-110.194952842,-112.416307123,-51.7470141981,-51.7470152529,-51.7470173915,-113.577455967,-111.625643423,-111.666125963
-105.283676858,-105.618293412,-112.094741522,-116.529898284,-114.542968493,-114.049201451,-113.816345287,-111.449172933,-112.289572636,-110.675332901,-112.334020667,-109.634429391,-110.857574088,-111.916330441,-114.524791536,-110.831605598,-110.489146941,-110.606532627,-113.746647113,-113.469468893,-113.884301467,-105.739369604,-105.503005638,-105.016063444,-61.289395402,-61.2893467003,-61.2893640329,-108.353319055,-112.476416327,-113.099176868
-109.453509021,-111.794980472,-112.519737524,-110.069243671,-109.688009037,-110.125167811,-114.643692076,-119.45460195,-116.23487638,-114.474602901,-113.0360752,-113.308271084,-111.444108218,-111.580792107,-110.603783222,-111.295650316,-109.554346317,-108.942743471,-108.112786574,-107.242568344,-108.516405335,-110.723704047,-115.636948836,-109.138440662,-47.3100399733,-47.3100403782,-47.3100420996,-112.977528785,-110.796972497,-111.189015658
-107.328151262,-107.426525913,-113.015450937,-121.282496144,-115.746448469,-113.956026498,-107.957628977,-107.727044041,-108.005936631,-111.40235146,-109.144922934,-107.580788394,-108.443139356,-109.119631899,-110.378841891,-109.923248279,-111.427706522,-111.846782814,-113.159780915,-110.195885354,-111.196292991,-110.650572872,-116.212484621,-109.519986934,-43.2276422415,-43.2276423386,-43.2276430291,-114.657344008,-112.082262073,-111.703226755
-116.928863606,-114.373904424,-112.056138444,-65.6607318215,-65.660682236,-65.6606377067,-107.721673989,-109.585716259,-110.230084526,-113.858657927,-113.750475306,-117.579514039,-115.34959823,-110.510340839,-110.494326131,-109.826370592,-112.935107147,-113.575754405,-109.51553934,-109.812110523,-109.985319097,-97.4360944574,-97.3643716902,-97.3312369165,-111.59060412,-112.510511742,-113.528018526,-114.256760781,-116.850055941,-115.251180216
-108.744156888,-108.508277185,-111.092325448,-114.526645573,-114.812546423,-112.328191764,-109.866147678,-109.572574519,-111.181928112,-113.345206758,-111.775791366,-110.688687673,-111.503691799,-112.937530268,-111.851068289,-111.089271027,-111.517499521,-113.856299462,-115.985883752,-111.694163454,-111.760387049,-111.206950192,-113.694372289,-110.620568656,-47.3100410455,-47.3100415419,-47.3100422717,-114.642280771,-112.672816602,-112.983828126
-109.726182447,-108.52443341,-108.392871538,-109.804468059,-112.10538375,-110.3487621,-110.125050976,-110.006751571,-114.657495616,-115.137283738,-114.428204257,-114.381752683,-114.817453456,-118.122889303,-112.267860684,-111.116400336,-110.835504052,-114.274860591,-117.108300466,-112.274210186,-110.604016962,-110.336445939,-110.714685878,-111.113599103,-55.2688332953,-55.2688377387,-55.2688372409,-113.537259958,-112.593031011,-113.863407221
-110.51816797,-107.593927618,-109.894283054,-109.73382721,-118.018927818,-118.473701326,-117.865923969,-117.569660621,-115.296807783,-114.935801622,-115.43862294,-112.184719825,-112.937161102,-112.196633054,-114.569115254,-115.090742727,-113.100879412,-113.59800475,-111.307928839,-110.686502952,-108.830561743,-108.437329251,-108.477397529,-110.828707822,-61.2894204384,-61.289434374,-61.2894199158,-109.997129672,-110.22317199,-111.472526963
-115.770785823,-110.411363336,-109.628434895,-109.074587414,-111.900481921,-108.804517526,-109.519567762,-109.6054546,-112.973513831,-111.877662537,-109.563869206,-111.079667137,-112.115650116,-118.299844804,-111.871168151,-111.7143242,-111.264264943,-115.493210149,-113.952107322,-114.723013197,-106.194817811,-105.74330927,-105.055997232,-109.426569535,-45.7264167576,-45.7264164949,-45.7264166384,-107.777559842,-107.031205343,-106.199196675
-108.821575483,-108.860997981,-110.082257857,-110.980888091,-115.226191322,-114.589310979,-112.578097207,-111.433849966,-107.204246747,-107.837977599,-107.954118569,-115.455475115,-113.585330537,-114.709534075,-113.739264522,-111.610495151,-111.843704476,-112.541730095,-111.23767655,-110.132636803,-109.643794666,-108.410748556,-107.990093833,-107.769544942,-111.694746247,-114.934680978,-114.998263166,-111.603237672,-110.823611792,-112.504643884
-112.894733558,-112.133556074,-115.319355601,-114.288596052,-108.987538253,-107.915043765,-107.009669252,-109.712323831,-110.970315984,-113.547051213,-111.582125882,-111.928360913,-112.841173378,-116.058611117,-112.664693377,-113.064308191,-113.170397616,-113.967274645,-114.004013515,-111.900530252,-113.539181111,-110.81223682,-112.843684453,-110.677004448,-49.2482415626,-49.2482406481,-49.2482415251,-112.711958264,-115.663165443,-114.228408043
-109.23700138,-110.013239766,-112.026154768,-112.110656505,-112.510166948,-112.055012375,-111.580077194,-110.712010245,-113.810014122,-112.610055675,-112.477251107,-111.704325037,-113.256378848,-114.837230888,-112.261817374,-110.429086544,-109.358197241,-109.273554547,-110.342347461,-111.300971155,-114.688122421,-112.294611975,-113.730036331,-113.201235791,-42.2045926246,-42.204592091,-42.2045918535,-108.24168868,-110.029784712,-110.838038316
-108.085883059,-107.891329828,-111.931303646,-117.840223075,-114.94892543,-110.950770255,-107.564304413,-107.314217198,-107.443468993,-110.594224628,-111.400531708,-114.510653364,-114.736035043,-114.688996093,-114.037305596,-110.181125807,-110.090790139,-109.344021116,-111.853507817,-111.465935616,-114.040564244,-114.867664512,-116.698247961,-115.151247316,-51.7470160811,-51.7470165917,-51.7470147315,-107.662441636,-106.760601801,-107.355964233
-113.208075028,-111.845659516,-112.225921845,-114.117704334,-111.32280802,-110.442011532,-111.271739012,-114.891017401,-116.421142651,-115.1844225,-112.033193578,-112.109642513,-112.51095472,-116.602873284,-118.453614534,-117.781362513,-120.003267864,-115.43509829,-115.48669832,-113.156358406,-107.394342235,-107.43123691,-107.849643975,-114.401481753,-55.2688382652,-55.2688339958,-55.2688334629,-110.704814592,-111.866730537,-114.144199973
-108.433098709,-110.605635316,-107.329346003,-108.912490981,-109.059351985,-110.786520037,-110.609346234,-109.101221366,-108.482720923,-108.042289114,-108.867928498,-112.808932706,-108.700942768,-109.262697117,-108.877905799,-114.168320846,-113.915409052,-111.108331723,-112.076348287,-110.986861708,-110.98625073,-110.296872617,-109.407242697,-110.555736998,-49.2482406509,-49.2482419455,-49.2482425498,-116.557270168,-115.974429342,-116.681871018
-113.329222494,-112.088045735,-111.31395978,-110.162596913,-109.762830294,-111.20239932,-112.788024506,-112.646746893,-110.995896733,-110.858271081,-110.721046583,-111.347320767,-111.798528174,-112.738592241,-114.245410196,-110.833663456,-112.109862458,-111.815837197,-116.76425687,-114.348457705,-111.864923815,-109.942367135,-106.783814154,-107.138366919,-44.387480322,-44.3874811714,-44.3874809751,-109.425243102,-109.998540273,-109.927830738
-110.025945547,-108.809834086,-108.034761413,-107.883384677,-109.071227768,-114.130723453,-114.323510941,-111.536035215,-110.550631393,-109.90531188,-110.956980411,-111.861051254,-112.758269154,-115.369931419,-116.803366434,-117.927081759,-116.818593293,-115.885624602,-110.771193602,-110.864378225,-109.352412748,-112.26550331,-112.364794887,-112.718811917,-51.7470147929,-51.7470131672,-51.7470141177,-111.677794928,-113.515210774,-116.67158411
-107.28780145,-107.519934189,-109.718079842,-113.275195312,-112.851901519,-113.942525739,-114.12696123,-112.451336577,-112.262017343,-110.816792288,-110.087795205,-110.43906993,-112.202825016,-117.442227438,-113.379874837,-113.254547637,-112.672811103,-116.596350834,-114.379147685,-113.309144446,-108.119555957,-107.835991676,-108.170265661,-113.506371266,-51.7470167463,-51.7470162649,-51.7470130022,-110.277523106,-110.519067662,-113.650003263
-110.273134943,-110.471980272,-112.37337154,-116.564467993,-109.735355873,-108.687124118,-106.608378878,-108.11804504,-108.49891844,-112.32289928,-113.729133991,-112.606995939,-112.598179696,-112.635227142,-113.222155593,-114.064775805,-110.459194836,-109.697918416,-110.04649101,-111.285955299,-114.361300392,-111.935899116,-111.642591614,-110.368726631,-51.7470136776,-51.7470155528,-51.7470166016,-114.719709695,-113.052257685,-113.817288791
-108.747795915,-108.405458696,-111.660008774,-114.963773073,-110.638026505,-110.241956375,-108.950474619,-109.104198837,-109.458504122,-110.810065731,-114.731439109,-115.479565661,-112.177255919,-111.567580177,-111.622292641,-114.194107353,-113.599134584,-110.09112924,-110.195472422,-112.058182905,-113.681455904,-113.336740711,-112.838305172,-116.309740432,-55.2688406028,-55.2688363334,-55.2688314248,-110.752330604,-111.653135156,-115.310223598
-108.19454284,-108.556794516,-109.890917684,-111.936282405,-112.00219888,-112.157671305,-114.153396508,-118.409361435,-116.689553588,-115.069104835,-115.617869399,-113.233975524,-111.127011845,-107.956445986,-107.849918242,-108.385597998,-111.820350775,-114.154871002,-115.358472233,-113.13594973,-112.430205866,-111.03395964,-112.200694187,-110.994285868,-51.7470149656,-51.7470149987,-51.7470155789,-113.424492763,-112.476416327,-114.24836063
-116.581928515,-114.681896575,-113.342609268,-112.269884293,-112.14610219,-111.325846843,-108.924248659,-108.970928851,-110.785723413,-112.32194112,-111.670174003,-111.166704195,-112.930239224,-114.096788246,-113.267908826,-112.275260703,-110.928922883,-109.827328739,-109.738967933,-110.424623496,-109.096916425,-108.097657096,-108.526077592,-108.48964631,-47.3100409914,-47.3100404491,-47.3100412755,-111.736781665,-111.234550007,-112.336526883
-107.188601304,-111.547500801,-112.225921845,-114.117704334,-110.974830713,-109.441760028,-108.583794488,-110.278439887,-111.744493053,-115.652513955,-117.079372887,-116.172697409,-111.9124784,-107.902153521,-107.05702475,-107.498593737,-109.140821475,-110.819236078,-112.199349511,-119.265114182,-112.091425708,-112.122542086,-110.352817871,-112.662638669,-55.2688351375,-55.2688298954,-55.2688243353,-106.840507983,-108.528887492,-110.375867583
-106.914582759,-107.118260472,-112.782462676,-118.796724275,-114.067785234,-114.085180412,-111.101775648,-110.766409473,-109.62715501,-110.858271081,-112.566722543,-114.323738183,-116.222326675,-112.575542522,-111.032445712,-110.822404537,-112.816667519,-116.809780504,-115.882771725,-109.963340976,-109.354835514,-109.7075218,-115.59714137,-120.09667073,-51.7470172857,-51.7470152347,-51.7470146931,-110.683705746,-110.692320755,-110.41385148
-106.849267598,-112.071751624,-111.15348659,-111.940572011,-111.074916876,-109.428450025,-109.956552642,-111.965704984,-111.840817254,-111.523450184,-110.215603027,-113.140150257,-113.798052162,-114.802451307,-113.183767164,-114.225990149,-115.663428349,-117.99055795,-117.85145761,-115.275770797,-110.990060687,-108.465780577,-109.042661053,-109.008739705,-47.3100413643,-47.3100411797,-47.3100421802,-115.245440157,-116.351803995,-119.422733645
-116.384942622,-116.385499215,-115.249907501,-114.666919809,-115.419377889,-114.19252686,-112.324195163,-112.326110008,-110.984984331,-110.944022259,-109.263113521,-109.074253252,-108.991768663,-110.227818214,-110.872426746,-107.715987153,-107.971354486,-108.11933663,-112.718383911,-111.334028563,-112.515462656,-113.754004195,-114.463413209,-109.939870546,-49.2482395155,-49.248238087,-49.2482388398,-107.528769875,-108.514886591,-110.354464143
-106.008748273,-106.278259446,-112.444519592,-112.829696635,-113.4247233,-108.673041627,-108.053072243,-107.97927873,-108.55881837,-109.576889898,-109.567408466,-113.872225918,-115.208867866,-115.731673156,-113.701069632,-113.023467701,-109.156182103,-107.277195354,-106.668649767,-106.932416997,-109.402641369,-109.758323899,-115.093997928,-112.652165415,-55.2688391863,-55.2688379175,-55.2688394884,-114.074819361,-109.573214931,-109.827715811
-113.360429906,-113.900107498,-115.146987148,-113.610351012,-112.130828914,-112.929904639,-112.247057845,-113.739101005,-113.263706005,-114.225260559,-115.617869399,-113.233975524,-113.718329452,-114.04689321,-117.439149299,-113.992055354,-112.9732775,-113.410464031,-113.211393406,-107.443588307,-107.40076617,-107.306113779,-112.365296099,-110.610189685,-44.3874814907,-44.3874814511,-44.3874811444,-110.001703606,-110.519067662,-114.264640236
-111.420006087,-111.786366368,-112.569814323,-114.395069294,-110.256105516,-111.489848614,-109.300127527,-111.383358627,-111.701040491,-116.56614529,-115.012015168,-113.937834132,-113.58279121,-114.089600962,-115.051453697,-114.867587266,-118.851170265,-115.351970846,-113.304881117,-109.457252987,-107.099720591,-105.936196788,-106.887043573,-108.887966694,-49.2482415191,-49.2482375375,-49.2482380343,-108.448904992,-113.783777992,-112.905072974
-111.824323163,-114.472783894,-113.260132502,-111.950827195,-112.359259016,-110.867998084,-113.068250023,-110.606573788,-112.167778396,-111.101183944,-110.898866542,-110.278103217,-110.39393306,-112.635227142,-114.526712287,-115.101520489,-111.858322657,-110.951159808,-110.90007064,-109.398481733,-109.822962768,-108.431262632,-111.386421071,-111.86127041,-61.2894360807,-61.2894176214,-61.2894197934,-112.264280941,-115.88234462,-115.766270465
-113.687840936,-112.485608968,-115.823541662,-116.388970961,-119.132341754,-107.359734592,-106.977383097,-107.021150028,-112.894354231,-114.575751708,-113.215674473,-116.008602941,-116.412712594,-117.536869721,-114.2261362,-112.8182675,-112.609153356,-114.699871761,-116.216683758,-111.051699547,-108.701412526,-108.905122542,-112.075917549,-114.399200376,-49.2482418119,-49.2482416377,-49.248242101,-112.394248176,-112.308341452,-113.607247169
-108.297593337,-107.325902186,-107.764333946,-107.682802764,-106.292393112,-105.794337302,-105.752745947,-107.454196653,-110.388741309,-111.607639984,-113.375103297,-114.22187829,-113.986615906,-109.755918845,-109.620517254,-108.603230995,-111.974102045,-110.745614996,-113.044579279,-115.033434941,-107.980008204,-107.843496532,-107.024056029,-110.509423592,-49.2482400837,-49.24824073,-49.2482411058,-111.024827483,-109.1302969,-108.912204932
-112.013255118,-110.90828825,-112.286092415,-112.474365027,-113.303646244,-111.516130352,-111.825061323,-112.742898475,-112.034753435,-110.822068112,-107.428617556,-108.264378573,-108.723464095,-113.729865741,-115.854887515,-118.674047964,-115.477089197,-114.21981435,-114.16025494,-111.207511662,-108.308052523,-108.049349833,-108.88766041,-111.637831311,-51.7470140699,-51.7470155528,-51.7470158224,-113.397946155,-111.046542546,-111.650942873
-113.673338874,-113.264764919,-111.640359512,-93.9165636972,-93.7897507267,-93.8013168731,-107.645153657,-111.213978049,-112.269296587,-109.344864172,-108.470509674,-108.281031748,-110.198542138,-113.613170703,-108.988664597,-102.183472074,-102.205739532,-102.913616933,-108.947998086,-108.118093817,-107.047031066,-110.806538922,-111.047214705,-109.932654512,-109.693148297,-110.698652386,-115.206128706,-117.144941104,-115.409642773,-118.045373494
-113.063189261,-112.261303819,-112.325838246,-93.9479812656,-93.8368200195,-93.8150883364,-108.299800588,-114.252851526,-111.133456984,-110.560309971,-110.359979043,-114.919925339,-115.725925869,-112.988017451,-107.018674148,-105.188178955,-105.546274836,-108.700753941,-116.997953364,-118.405763781,-114.087445298,-109.42980028,-108.470152811,-109.274394811,-112.728236227,-115.988930803,-116.666414681,-115.294077397,-111.589746493,-111.273578343
-118.3079449,-113.052175233,-113.265515034,-97.3748837428,-97.4674778402,-97.4271014566,-111.671218776,-111.521635624,-106.812359191,-106.791486941,-106.912628751,-112.993769442,-123.065436382,-118.116604851,-109.355705881,-107.423537949,-107.058066454,-109.670575352,-102.793544235,-102.957296772,-102.926644021,-113.887909932,-111.135424877,-110.507699229,-110.799805841,-112.512634074,-113.786918499,-113.75062956,-112.777430754,-114.148119061
-116.059921413,-112.948809526,-111.771119003,-91.4254610295,-91.4384303332,-91.4488579277,-109.601005667,-110.117657223,-109.844625364,-114.895108837,-113.988807589,-113.539728316,-114.029562796,-114.29077167,-113.879619469,-114.707003569,-114.907347819,-113.077042891,-111.712534984,-111.433133155,-112.97269436,-111.683537303,-111.266536699,-111.527142143,-114.805201426,-112.989859828,-110.997537439,-109.746129776,-110.647332033,-112.973162389
-110.325303707,-106.646428322,-106.887539643,-97.0326051767,-97.3202393179,-97.3943171618,-113.206747842,-115.149201969,-107.126328072,-106.40578773,-106.385990754,-111.365124836,-107.208931946,-106.933732953,-106.8551939,-110.255811223,-111.260013195,-112.296410559,-115.02979698,-112.020725374,-110.884109193,-110.043154772,-111.559337931,-112.079512981,-109.896091609,-106.664894612,-106.810647034,-106.275698008,-104.262628043,-103.903315803
-109.512085941,-112.602716686,-113.332605151,-103.326049485,-103.088721092,-102.916849537,-110.621522477,-112.009382293,-115.565758339,-118.116928827,-119.002553349,-112.909536674,-110.680260746,-110.740494797,-109.611869815,-110.324146157,-109.624784331,-112.101841409,-104.318929175,-104.007800902,-104.109369115,-110.287716611,-109.912408522,-110.176088968,-108.077614752,-109.651066978,-107.834223654,-109.938092373,-110.058122347,-113.631459702
-113.66576555,-115.274059047,-114.267561531,-93.9247935544,-93.9327926936,-93.9141035817,-110.542936074,-111.031121313,-111.404548911,-112.638584919,-111.094242958,-111.379946776,-109.495346297,-109.438524735,-109.299677621,-105.683800348,-106.14390471,-103.873592815,-103.161409028,-103.129212462,-104.856289542,-113.088810931,-113.698056008,-109.650882418,-110.280367844,-108.919295113,-112.838075101,-112.583120092,-114.52218289,-111.956857384
-112.025856791,-112.45665598,-110.816737337,-97.3268147219,-97.2309935748,-97.2424889111,-108.601819891,-111.053600862,-109.640444069,-110.687158037,-110.673194696,-111.343644818,-110.380808809,-110.348404124,-110.552119665,-112.066614759,-109.200119263,-105.488630665,-103.704179759,-103.777365502,-106.2222886,-105.940963859,-106.829202067,-107.161688521,-111.985332497,-110.811672848,-110.334735704,-111.265009671,-113.277079861,-113.18885705
-106.386885502,-107.077730181,-107.038056745,-97.3927152583,-97.4115054294,-97.466141732,-108.143514348,-107.536460837,-106.40631499,-110.020528267,-110.033806988,-112.633629325,-110.184977829,-110.053534044,-110.160356301,-110.508213127,-111.819415938,-106.848545774,-102.696922899,-102.59716043,-103.372369398,-107.362179424,-107.612383791,-109.232646332,-118.007572828,-110.363957163,-110.365407977,-110.039393272,-110.706923632,-109.649511848
-110.390421429,-111.300972626,-111.117537431,-97.3215031848,-97.0452477818,-97.0429326878,-106.96069387,-108.490938317,-108.764505738,-108.69641631,-112.636564632,-116.577222173,-115.265337855,-114.723637246,-109.458656506,-103.926217508,-103.753755042,-96.9965351446,-96.8481883586,-96.7841775778,-103.445739549,-109.53122905,-111.810231008,-108.194540851,-109.115206269,-108.922567066,-115.553023629,-111.008524401,-106.514654448,-106.215465006
-110.157010962,-109.631855235,-107.691903886,-97.0924217782,-97.0830943778,-97.2814938431,-107.614517792,-107.133609473,-102.605227603,-103.014208371,-102.989082929,-109.215046665,-110.824243934,-112.370553323,-108.355714121,-107.53063655,-107.497713671,-110.919082515,-109.92377382,-111.413475355,-111.277331925,-105.870915379,-106.050881846,-104.941512779,-110.38078755,-108.460564523,-111.118817095,-111.450913677,-113.305574893,-114.909738124
-112.660904709,-114.098925185,-110.124380069,-97.3167829733,-97.3280485015,-97.4658699073,-117.443735725,-117.718071699,-115.138682364,-114.850660416,-110.423872738,-110.330048036,-109.771344916,-110.972373141,-106.188331572,-103.767077599,-103.929932134,-105.796624169,-110.890609795,-111.345754719,-112.356880926,-109.384922624,-108.991792313,-109.88924632,-116.457481493,-125.528868977,-118.010734988,-111.601065124,-106.457430469,-106.635630767
-113.804688271,-113.700471084,-109.036304309,-93.8461425705,-93.842509698,-93.9269597788,-110.667259907,-108.206467576,-104.652444381,-104.666558124,-105.603528669,-108.76741587,-109.326491481,-107.897848451,-105.334337103,-105.485309067,-105.372945108,-109.698856543,-102.915610019,-103.535731235,-103.299017599,-111.097532299,-110.379261553,-112.458792606,-111.411656713,-111.534038485,-111.316580878,-115.769360191,-115.869556999,-114.305594635
-113.472662488,-112.100824492,-114.755949922,-93.9290643763,-93.9327926936,-93.9231214902,-111.474029541,-110.64957232,-109.036694463,-107.28056054,-107.304113725,-108.497409775,-113.722500318,-118.448645367,-109.77454252,-102.614347424,-102.416664501,-102.754059774,-102.428042102,-102.578345718,-102.856893219,-113.8890973,-109.496201421,-109.801019369,-108.715100082,-110.048517197,-110.698498017,-112.984098106,-122.617365542,-123.727124392
-116.675198029,-117.168823676,-110.912553678,-97.3212434855,-97.1920822779,-97.3255897209,-107.06783025,-108.408534541,-107.502312759,-112.200287584,-112.636564632,-117.838616042,-116.160971513,-115.21716589,-105.242495474,-104.217638256,-104.1137973,-109.012604811,-113.129839692,-114.847235209,-112.590005578,-111.39596503,-109.339120324,-107.510842377,-108.535479059,-108.283566117,-111.809252798,-109.682993358,-112.254534806,-112.316980181
-116.874219881,-114.925389127,-114.794107809,-97.4450387443,-97.4238677126,-97.4224081271,-113.287141577,-113.985108667,-108.625827516,-108.46425464,-108.66808646,-113.669333557,-113.26027093,-113.163815005,-110.023048703,-109.483855365,-108.82907662,-111.044133035,-108.880777278,-109.588131971,-109.660885562,-115.615991144,-109.613536709,-109.39835588,-108.457411877,-111.225425151,-111.268153072,-114.746306493,-118.144120965,-117.160889693
-109.364488658,-109.957934165,-110.91137708,-110.83745366,-113.571769319,-112.715063443,-110.934078168,-111.543134791,-107.193828611,-102.903238941,-102.161891173,-103.053766802,-108.484517682,-111.845507728,-111.823451899,-111.487736696,-108.878328911,-107.656390727,-105.813361352,-105.631142785,-102.580717623,-95.2083754478,-95.3301700399,-95.7128149645,-108.017953577,-106.489128963,-108.167242771,-106.841038458,-108.22240556,-106.69077407
-111.180566861,-112.949940624,-111.577516921,-111.420140489,-111.388186396,-111.584912729,-114.118787737,-112.244525326,-112.715843872,-107.127250894,-101.769586265,-101.786226398,-102.539454482,-110.70573066,-110.023696302,-109.225335473,-107.732250755,-107.702055729,-105.82638489,-105.848485402,-106.274880033,-108.841957849,-110.416561025,-107.373635359,-108.247687303,-109.099772785,-113.237059246,-112.816308598,-113.127793108,-108.561534186
-105.15741707,-106.501713092,-111.31022327,-112.581121169,-113.987852632,-111.065371537,-112.442070653,-111.885141914,-108.79146337,-100.002893234,-96.0155107474,-96.1976376773,-98.0695234765,-113.538241143,-113.526502566,-117.678282717,-110.681240785,-108.152622768,-105.504085185,-104.497278124,-92.7485989615,-92.2589703683,-92.3575121625,-101.007667994,-113.378323325,-114.469191673,-116.024479871,-122.64685418,-113.102647944,-111.790016007
-107.609098565,-109.411413995,-115.637387125,-113.731926113,-112.712521314,-112.977380337,-112.275689985,-109.845078118,-99.7798117407,-97.5408624248,-92.3193496222,-93.0708453615,-93.7367516804,-111.294456259,-112.781221716,-114.905085539,-111.594115832,-109.93361663,-107.447320562,-107.081351696,-98.1811279083,-97.7372245898,-97.863453974,-104.610698329,-110.022003849,-109.845262339,-109.661883592,-108.277987973,-109.168028177,-112.05096249
-109.658565955,-110.978120605,-111.762036964,-113.197898315,-114.17237273,-112.394563601,-114.882743034,-114.341781689,-104.059514975,-101.826403125,-95.638903948,-96.2634085582,-96.5180855783,-107.299506667,-107.140206777,-110.160681766,-107.752168234,-106.911509026,-104.276299671,-103.916183453,-94.1110178451,-94.1119857599,-94.2638926371,-106.195901646,-112.424323513,-113.277265249,-115.812603291,-121.748840078,-120.565728433,-120.049362551
-110.410206436,-106.836363457,-108.070606929,-106.518552745,-110.554072674,-109.0621926,-111.948090967,-113.153559614,-107.14589394,-99.0455510596,-95.4455953284,-95.7001546079,-97.7141411702,-110.498025777,-109.47238086,-112.549140811,-110.037287445,-109.05306574,-109.097048987,-105.436820549,-96.7107847069,-95.9371745561,-96.1677475848,-101.948113674,-106.166645296,-106.208168415,-109.073785422,-109.755698579,-114.94802817,-113.092389059
-106.788412459,-107.175183046,-112.741021303,-111.946975822,-111.558071775,-109.870668132,-108.306269971,-108.364089443,-99.9113475037,-99.6761830247,-95.5810429412,-97.3169717708,-97.585583106,-112.565635808,-110.382205296,-109.304960379,-108.867880467,-110.560982771,-112.297473614,-107.389536747,-91.0609391536,-91.0421619219,-91.1031715989,-107.150983629,-108.082248727,-108.522121873,-110.429506822,-108.216964759,-107.995394812,-109.215261345
-108.386171645,-109.331111402,-112.224525369,-113.141545982,-107.641936659,-107.896832928,-107.844460049,-110.271484937,-95.8176939558,-90.6751606514,-88.7708711519,-89.6824105513,-93.0599667385,-106.661697534,-106.655000066,-110.763855577,-113.417510077,-113.601866741,-106.457686574,-101.902401024,-94.6429153202,-94.4543836898,-94.9781943745,-102.792423899,-106.158060877,-104.725948465,-106.048223481,-104.892057464,-106.144148221,-104.442563631
-100.29544921,-100.600685899,-103.173467147,-102.8105461,-103.22285296,-103.205981609,-103.822761461,-102.956892877,-100.882508323,-97.1891039985,-90.8972461801,-91.0519702504,-91.6515616617,-101.958392653,-101.420734015,-102.404314001,-103.522354954,-103.276719594,-101.694813792,-96.4418081622,-95.6430641492,-96.2811718759,-101.085899674,-107.119500876,-105.311472174,-102.434706261,-100.769378839,-100.679603327,-103.286532496,-103.177479715
-107.470310851,-110.127439814,-105.594485398,-105.772583444,-104.446644135,-107.944099322,-109.394273402,-116.981297365,-94.6653238064,-93.2317509405,-90.2890799357,-92.1774515613,-93.2397316541,-105.91041224,-105.440503023,-104.456169513,-105.716482409,-105.928752006,-106.958728392,-103.490206022,-91.895605413,-91.3335353503,-91.4704002831,-99.0400544583,-103.832712884,-102.18737175,-104.382266743,-105.730929148,-114.656524403,-110.542595636
-116.814584353,-116.199694454,-109.981395209,-107.762091572,-107.932430847,-109.581651074,-113.022136495,-111.394781645,-89.9694630563,-89.5608770559,-85.8426998136,-87.9469891196,-88.2067050027,-107.389923458,-107.171773587,-108.538175818,-108.648808405,-107.468757392,-106.502958469,-105.852177986,-90.8353937521,-90.7638893706,-90.811299382,-105.692925249,-106.78218323,-106.648824946,-106.566856248,-110.081943276,-111.727649105,-110.555594153
-107.153863247,-109.684771763,-112.610064786,-109.54109768,-109.781648061,-108.925873137,-111.518489126,-111.218528138,-95.2560137038,-94.9291660573,-89.7705317172,-91.1680138131,-91.2822008712,-108.412705179,-108.387101314,-109.087166803,-107.46369603,-105.949173947,-105.473826755,-106.864405382,-106.032061595,-105.631241124,-105.843434726,-105.785914307,-106.579457304,-106.887600111,-113.256043484,-116.225141937,-112.985879387,-111.659020575
-106.598764998,-106.895688335,-109.783274947,-111.694557267,-108.890870049,-107.37667707,-106.77103887,-107.957980304,-93.1807835149,-93.0573711442,-87.6729476832,-89.0744584986,-89.1450753996,-110.506380762,-108.81530916,-108.565906197,-109.83013112,-108.815198613,-108.557589295,-107.165160856,-96.9365569535,-96.4017040881,-96.520326228,-104.969786391,-111.198241517,-108.812237438,-106.81635928,-107.076346091,-107.742257075,-109.76619378
-113.197104179,-111.692453072,-112.155041291,-109.971075962,-112.574205271,-112.722983192,-115.178114388,-116.053095593,-91.741754597,-89.7229236743,-85.5385007635,-86.7236574217,-87.6240224747,-125.424670221,-117.854979743,-113.606103117,-112.709675362,-109.75591937,-110.251644304,-102.524231749,-102.32570475,-100.483671065,-103.406693014,-104.204649697,-111.831588331,-114.664395988,-117.573221882,-112.012124551,-112.392420684,-111.757608465
-108.307432818,-107.578313141,-109.887450767,-109.815782486,-114.847181002,-115.77767843,-114.066166631,-113.527194445,-92.1716396549,-89.4774739766,-83.5813189163,-84.224700563,-84.8674048472,-114.055179167,-112.195268636,-113.040431635,-113.057518602,-112.920564943,-113.416629638,-105.983744186,-101.822047882,-99.589425076,-100.495952517,-103.191769047,-113.235473978,-112.206743112,-113.421540128,-113.330406879,-113.674303695,-111.495455906
-117.877595982,-116.701920982,-114.851414304,-115.523365701,-114.683162178,-113.944525003,-114.476529188,-114.721087722,-99.2317793643,-95.4631488464,-82.5975532552,-82.691500136,-82.8261636397,-118.534507807,-116.695134578,-116.603336092,-116.78723688,-118.802608414,-112.93266496,-111.950831954,-102.137913845,-97.7858415439,-97.7244296721,-99.1908655269,-109.013049126,-109.34196426,-112.392702952,-114.002100376,-115.970415168,-113.3250299
-109.279977164,-110.299006086,-109.694255519,-110.328718058,-109.486015509,-110.140370499,-109.978338062,-111.107658255,-115.43604497,-111.635774733,-110.813699737,-107.434184039,-108.141833495,-108.105192777,-112.84308298,-114.283586709,-108.235800661,-108.05478662,-98.121194376,-97.7278545693,-97.6526233685,-105.021621733,-112.850584872,-117.23595683,-115.655151433,-116.628773543,-107.725337168,-107.513194169,-106.528686561,-110.509661423
-111.939022149,-115.362515739,-113.220190074,-111.85637236,-110.907042289,-106.663184248,-106.499508929,-106.307246841,-110.548981421,-112.078684831,-112.051977811,-107.918664464,-108.053653158,-108.644311041,-107.929433765,-107.313277249,-107.362434054,-111.262924033,-106.214347066,-103.653385018,-103.8747603,-106.290616221,-114.407119846,-111.246606316,-109.637688217,-109.475569319,-109.122903485,-111.782642828,-107.232697442,-108.482340955
-106.836156861,-106.756874349,-110.544627403,-111.744359935,-111.241014535,-111.984453384,-112.400765838,-113.920737528,-112.00493887,-113.475867811,-111.992867806,-109.937256941,-109.323768997,-108.632277934,-110.715945172,-111.131159693,-113.552570065,-115.624077081,-104.811603609,-104.222912222,-104.148976679,-111.482971111,-113.464351365,-113.572454517,-112.030594919,-110.747419489,-110.915679549,-108.885233676,-108.804065457,-107.668205151
-113.431698419,-112.795714981,-107.517275257,-107.20215906,-106.746440107,-112.185933392,-114.021254907,-115.052855243,-112.804091505,-107.868152534,-108.163077713,-108.769106615,-114.402402764,-114.33365091,-112.545540395,-113.741987849,-114.383646207,-110.315908718,-106.857917689,-104.255257575,-105.113003614,-106.287982282,-112.39141832,-113.482832885,-115.073574236,-113.565426441,-111.478683571,-105.600524941,-104.453743635,-104.536716586
-109.560708544,-110.785355442,-107.417524605,-108.369264248,-108.673322934,-118.532536463,-119.001498208,-115.92023306,-110.445531513,-110.78229733,-106.764739407,-106.377733515,-105.403611127,-106.40179444,-108.28566542,-109.803263272,-112.607565454,-111.974919515,-99.219483014,-99.2151920482,-99.0404023601,-109.142136839,-110.346419919,-115.333357836,-121.156034493,-119.145318257,-111.292840888,-109.681595926,-108.892109723,-111.143394391
-110.818746782,-112.644509335,-109.594433532,-110.276159293,-107.110465569,-108.560745039,-108.697023919,-111.657287421,-110.020891564,-108.80367161,-107.862865899,-107.495700241,-108.267358905,-110.848997278,-111.554539946,-110.771545906,-107.037613712,-108.007814268,-106.009539095,-104.138687885,-103.914346396,-104.944231738,-111.160895053,-112.303000635,-111.002850945,-110.66118067,-111.655713533,-111.13899455,-110.248499546,-109.359988733
-110.611186463,-109.206687504,-106.024988597,-105.828733725,-106.240015612,-113.408953939,-114.673395685,-113.169583728,-112.725618556,-109.487670026,-110.526313755,-112.126952869,-123.405041895,-118.344860164,-117.506250165,-117.470730064,-118.009671859,-118.620906938,-98.9184395525,-98.4450349059,-98.4106729688,-106.147101779,-109.943122833,-110.26174852,-114.021753071,-115.747915397,-113.48828501,-105.059197027,-104.327540412,-104.412083925
-108.236460993,-108.702454225,-113.656655987,-113.106573287,-114.488497714,-111.00242452,-110.754796941,-109.837325274,-111.394315997,-111.774938891,-112.075242012,-109.8016062,-110.302839018,-111.069034348,-114.722173452,-114.824621804,-112.563500305,-112.929127273,-108.014132142,-107.706946282,-107.777567173,-112.794608466,-114.705864619,-110.543509836,-109.696611441,-108.185251666,-108.956001747,-108.447349189,-108.03586645,-108.08432613
-112.443909386,-112.842035962,-110.101027559,-110.040187797,-109.430499789,-108.057160255,-108.508499071,-109.33516467,-115.718714161,-110.658393085,-110.122447463,-108.430361082,-109.34082312,-110.67880104,-111.436526213,-111.083907716,-109.742121111,-106.155889973,-101.796430092,-101.473262169,-102.555786117,-107.204277937,-109.174715766,-108.998822819,-108.712138352,-107.203889036,-106.929921097,-105.819185708,-105.589704431,-105.754643566
-110.470785368,-110.691518508,-108.724117229,-110.303074021,-109.412648892,-112.249243776,-110.270728333,-111.373610452,-111.995593484,-114.473723798,-116.167694223,-112.535366812,-107.502403741,-107.017004436,-106.535213018,-108.915867778,-106.365923722,-106.537847993,-98.7569797415,-98.8028205783,-98.9621607056,-109.004293275,-119.394397635,-121.270423176,-120.090828997,-115.244362922,-111.707097645,-107.860186119,-107.301069633,-107.811821967
-109.616730907,-112.576746018,-110.117079665,-110.201115737,-108.798069987,-111.884267632,-111.981526065,-109.215729002,-109.462529158,-107.808985939,-109.111182451,-108.059579762,-107.676123997,-107.414576539,-105.604651809,-106.29184796,-107.084378989,-110.940989537,-106.027404704,-104.66435703,-104.724795868,-106.83865371,-110.24984643,-109.919424396,-115.067919849,-111.061539013,-109.271086782,-109.279228408,-109.673087413,-112.913319203
-101.273620889,-102.334607904,-103.13437602,-103.839561145,-102.27179888,-102.471138683,-102.28320794,-102.466390686,-101.763022048,-102.21778973,-104.139731614,-105.025005763,-105.574617197,-102.265346374,-101.403800574,-101.634361196,-102.138440948,-102.258743927,-99.0794819977,-99.3342844232,-99.9495721593,-103.98176349,-105.427927315,-102.794651547,-102.660865743,-102.820159704,-103.858683905,-103.241726913,-102.858229384,-104.385734595
-107.776561822,-105.851396721,-104.418040449,-104.682505965,-104.600605213,-105.135550526,-105.431660727,-106.682676097,-107.8341643,-107.683232548,-108.760695191,-110.689649093,-107.053559659,-106.88924228,-105.142280771,-107.548345709,-106.555309767,-108.468930441,-107.080657143,-104.291149302,-104.522669926,-105.348153357,-110.874755057,-110.204782172,-107.904996626,-106.933548018,-106.917708157,-107.848459902,-109.30602892,-110.625547468
-111.80817496,-113.740407025,-109.483682539,-110.015712712,-109.310542344,-114.215595591,-110.088153851,-111.371381821,-110.843849053,-114.561250087,-110.904300004,-111.584391996,-111.604395046,-115.896222247,-109.691999875,-109.787560524,-108.049433633,-108.346671346,-106.707260369,-105.416542393,-106.616034278,-107.611800542,-113.353360171,-111.725332826,-113.791221815,-113.766587046,-111.943788262,-109.489554932,-109.7107453,-110.885407858
-112.244808386,-115.056629553,-109.224710309,-108.436931879,-108.307936069,-112.452621088,-114.350633414,-114.55084864,-112.364089984,-110.059624666,-109.235970857,-109.408554833,-110.187955128,-111.104846718,-112.932982103,-114.409361084,-114.284969368,-113.220385798,-103.828984253,-103.231186953,-103.424519948,-110.778209191,-116.379122316,-112.780376459,-113.801397747,-112.076666985,-112.034860033,-106.563342513,-106.096658935,-106.494325836
-110.473864217,-114.226363129,-114.594064849,-115.120400023,-113.507692166,-116.495270825,-113.262525163,-115.421388601,-115.469056525,-121.24664042,-114.992162367,-114.822836266,-114.398110976,-114.031777011,-111.494480529,-110.125869079,-111.355599255,-113.663991446,-105.747915198,-104.216901824,-104.040625556,-107.656504524,-109.999740773,-110.063343294,-110.812109432,-112.987769845,-114.177882012,-114.338152138,-114.524837012,-113.91379422
-105.784446849,-105.253873669,-110.829652733,-111.609699133,-115.332612213,-110.765747013,-109.169650478,-108.204614762,-109.200540355,-110.707249054,-109.27756855,-110.237635013,-109.94061603,-109.786785689,-106.791411791,-107.167049413,-106.800338976,-107.909444964,-107.945609279,-108.940479029,-110.755132901,-108.699863713,-102.211760398,-102.289296204,-102.556926639,-112.487085929,-111.515679075,-110.2194117,-106.13013216,-104.64332343
-111.603427313,-111.001595207,-112.292429789,-114.113429651,-113.583162805,-110.886355689,-111.639421602,-110.368833081,-112.323607981,-111.754594205,-113.862480403,-113.85934586,-114.754596865,-111.201270401,-110.561937156,-109.774976646,-111.374890166,-107.736094655,-108.287912189,-108.130232469,-112.593982291,-109.547459632,-102.160103559,-102.237113121,-102.591439302,-111.229248667,-111.327202973,-109.050170404,-110.386362951,-103.233716914
-108.700023161,-109.325837478,-107.981944454,-110.917320453,-109.785356972,-114.892162709,-112.151421072,-114.328918171,-109.335746522,-109.665772495,-108.994620205,-112.452560905,-113.996391434,-110.884055259,-110.7359306,-110.987234724,-109.705819094,-109.471987282,-109.391776041,-113.46228686,-115.692924098,-115.686417562,-104.541154294,-103.319943133,-103.187761755,-108.649316223,-116.801892219,-109.125791009,-108.008880659,-107.492326952
-107.576811371,-109.954411992,-113.220360929,-114.356085476,-117.551452182,-108.825563862,-108.957963708,-108.631079663,-113.137041534,-113.075365628,-113.594480594,-113.775456245,-113.699937058,-113.44415072,-115.881006703,-115.707184426,-109.9762031,-105.658134694,-105.525613964,-107.195057077,-116.878028208,-118.068826971,-99.590509297,-99.2652764431,-99.2260050873,-108.824947601,-109.97769952,-109.675903271,-108.728331663,-106.909964452
-111.894584515,-110.783940317,-113.261645295,-111.735021937,-112.473546485,-113.500606259,-111.441827226,-111.46646359,-109.754228457,-112.14625624,-110.314593237,-112.006097681,-111.623405525,-115.049751346,-113.260846174,-111.95645517,-111.732784449,-107.887326422,-108.595075695,-108.604374479,-112.408964247,-110.931168821,-102.756586156,-102.745661835,-102.766984744,-111.095528365,-111.013364661,-112.469378937,-110.252640427,-108.000876778
-110.180591938,-111.26764811,-109.615099164,-111.799378756,-111.075558273,-113.073704656,-113.702961359,-113.490612416,-113.435638359,-113.400509306,-108.721448054,-108.895645241,-108.322199579,-109.913839157,-107.458114848,-107.703802604,-103.448349313,-103.584946706,-103.451843167,-109.827387184,-113.415084413,-111.04633988,-106.10927251,-105.836066294,-105.478811616,-106.658875286,-106.481906751,-107.977235089,-107.326931543,-103.540648883
-112.564519075,-115.61635504,-116.1849864,-112.830460146,-112.361175695,-111.724849504,-111.021043715,-112.094751969,-112.797878819,-118.748889247,-116.70392034,-112.641442919,-112.421925325,-111.074687207,-113.147020119,-110.573911348,-112.066897534,-111.020511721,-113.203805947,-111.507795786,-110.588954246,-107.020709149,-104.971225325,-105.397274623,-107.37164561,-113.085795153,-112.029674833,-111.555266573,-110.223032121,-102.322147738
-111.595022738,-110.553693235,-111.041565358,-111.482866497,-110.399031775,-109.899164664,-109.550776717,-109.614823708,-110.741199383,-110.619880604,-113.059763216,-113.414506995,-111.453783569,-111.742272805,-110.815086709,-111.894321588,-110.095890751,-110.427200232,-109.851444748,-111.306685619,-108.978582632,-107.386110665,-104.618237974,-103.507656779,-104.454915474,-106.872349827,-111.109692312,-109.935439008,-109.640163852,-105.437111659
-107.742597049,-108.028574979,-108.196919473,-111.425200435,-110.18515358,-110.580903393,-110.551225698,-114.706033365,-110.824437594,-112.062115877,-111.82599209,-119.31952704,-114.493367251,-114.815269071,-113.784265717,-117.003112682,-112.064787066,-111.669745627,-109.00628385,-110.237920552,-109.700908412,-103.344147503,-101.415271597,-101.556579766,-105.512712724,-116.904421039,-106.55404023,-106.105686473,-105.628667458,-107.625892816
-111.678904908,-110.979148912,-112.43487828,-111.121350264,-110.933853149,-109.045976125,-109.677899868,-110.296658233,-111.2051299,-111.306527769,-111.7504958,-116.96074214,-116.055390435,-105.881534668,-105.605316227,-104.915073514,-109.03427873,-108.260040119,-106.931879793,-106.416843235,-105.913596625,-98.850037209,-95.2854517103,-95.3790701169,-97.5992912836,-117.230748424,-109.567453591,-108.758952454,-108.063888107,-100.389522272
-110.325682254,-109.429172583,-109.285470789,-111.034663222,-111.983611422,-114.897440345,-106.375341428,-104.203257935,-104.019332999,-107.506568875,-113.79713968,-114.877182945,-109.917161936,-110.370798482,-110.238936623,-112.567153425,-112.615309261,-112.169532732,-115.24542321,-112.503177716,-112.207228875,-104.567602914,-101.447675973,-101.230378296,-103.186386644,-109.373569981,-111.245502855,-109.187911454,-109.438178966,-102.430329769
-112.140731171,-108.478682639,-107.684993507,-108.538563934,-111.861229297,-112.024250571,-109.935701341,-109.923442138,-110.187210763,-110.75546896,-110.409660305,-111.40356178,-113.518076154,-117.597694778,-119.187357624,-118.68212989,-113.218509018,-107.133874206,-106.734008,-107.594083695,-112.361764068,-104.839457165,-102.433717386,-102.613152089,-105.282121888,-110.667324973,-108.613296933,-109.415591228,-105.665020263,-106.641080138
-113.332134687,-112.468567294,-113.551225275,-113.838326569,-111.867219113,-105.919772881,-105.780716772,-105.972526114,-108.866660728,-109.429193122,-108.060685067,-109.725235545,-109.911764809,-114.014529361,-111.893030161,-111.80301113,-108.269026503,-107.374983396,-106.153252283,-107.15221616,-108.941045165,-100.971468963,-100.867601698,-100.785325417,-109.652936681,-110.751017655,-109.355416299,-109.684439885,-102.217773736,-98.7269672946
-109.794933961,-109.276342204,-111.666015469,-108.861435055,-111.166955441,-106.674653727,-107.471688985,-106.363896998,-106.865407691,-107.469551407,-107.20508563,-109.637490388,-109.641143525,-113.972781547,-119.054777661,-110.549681708,-107.514492213,-107.256828265,-106.90076631,-107.892984325,-107.887530372,-99.9493223694,-94.3215009053,-94.162834167,-95.3828665215,-107.95451178,-110.851052524,-110.17820311,-109.695604289,-111.179637301
-115.933927363,-119.39012524,-111.93663005,-112.421287219,-111.387707748,-115.744846671,-108.491303919,-107.288110626,-107.281348784,-110.41280592,-111.745906152,-110.617533825,-110.724289247,-112.893303589,-116.713940711,-117.248033022,-109.211596205,-105.286627596,-105.344422812,-106.9830229,-115.908565477,-108.635577986,-100.432830772,-100.159377979,-100.594859674,-108.491387072,-109.953130642,-110.653061681,-104.685179548,-104.164693091
-109.968326349,-109.159986721,-110.361244239,-110.129181522,-110.199147606,-111.443717602,-109.530202035,-110.585011199,-111.550941298,-112.375418517,-109.050809914,-109.049774505,-110.60605792,-114.016506842,-115.667560107,-113.384526048,-111.875764994,-110.300252155,-110.235959085,-112.234313828,-114.548474149,-107.493385817,-99.0110715226,-98.7950324153,-99.2550156509,-109.961257765,-106.786411847,-107.381062049,-101.083058719,-102.127172831
-107.942945863,-103.684460689,-103.968888075,-103.686026226,-109.264757358,-109.518613396,-110.316120336,-111.72080379,-112.614925338,-112.0523334,-113.18272645,-113.849143726,-115.627793612,-114.044603069,-115.156031013,-112.886635038,-113.047661993,-111.690294433,-111.923435873,-112.602533636,-113.393962392,-112.739946179,-107.314422621,-106.658018932,-107.410619677,-111.16425662,-114.609579708,-111.523675484,-111.862222727,-109.969484544
-106.925402167,-101.013231629,-101.38616017,-102.021320031,-110.815666791,-110.526652946,-110.27665294,-108.128888799,-107.265910887,-107.000328948,-109.085057154,-106.694758008,-107.508455638,-106.066618621,-106.810568079,-106.635788547,-108.285258056,-109.850192937,-110.307512314,-112.131399556,-117.701752738,-110.083042696,-109.99021791,-107.054329256,-108.558583447,-108.617665381,-112.795433634,-114.867610642,-113.367876633,-114.495081145
-110.926357714,-101.042876552,-100.524250432,-100.295893363,-105.056788514,-106.474168928,-108.425854334,-112.530460209,-114.443779194,-113.196725524,-111.999396937,-111.946819753,-113.00840566,-112.619585568,-111.220711326,-111.461830507,-114.941344836,-109.796213172,-108.986746674,-108.573242866,-111.720459801,-106.951787178,-107.194784174,-107.42612082,-110.149145204,-110.090782742,-110.538291456,-111.933207996,-111.045228759,-111.180119366
-108.504818752,-108.180277019,-102.171049166,-101.963059318,-102.157375276,-106.932654837,-107.551686963,-110.27307006,-114.383644158,-115.595319705,-115.607728302,-109.810559788,-107.880569047,-107.732864918,-110.374886213,-111.316438187,-110.454084385,-109.914742153,-110.761480789,-111.300925639,-109.760606958,-110.00989162,-111.943047069,-116.541410762,-115.870769879,-109.54824181,-107.730331496,-106.311609445,-107.696249039,-108.41372381
-110.479493753,-109.185739132,-111.401994967,-109.014831683,-109.876936139,-108.630874126,-107.501049159,-107.545203483,-109.486463028,-116.481672668,-115.880420025,-110.448038819,-109.000982066,-106.615434171,-107.449412131,-107.171536781,-107.570949977,-107.714365086,-107.346511786,-109.97566422,-111.094913366,-114.624275929,-114.88856151,-111.536818844,-110.052614872,-107.889581455,-109.050822072,-107.667481602,-108.887976728,-107.766626766
-106.032943375,-103.724651892,-103.696717306,-104.642229567,-105.994158113,-106.810169382,-109.096627126,-113.169239576,-115.476261453,-112.301370606,-110.772018934,-110.928109882,-112.828936095,-112.455198406,-108.009962825,-107.569006237,-107.932080155,-112.026477524,-112.800279578,-114.752104109,-110.69157185,-111.417038234,-108.427212249,-110.571282181,-109.493139251,-114.258699459,-114.603449506,-111.585752625,-109.272204568,-108.060384402
-108.047034384,-108.860841392,-102.651705173,-102.876058512,-102.320617277,-111.001273447,-110.013134606,-115.023612606,-111.400242521,-111.496393115,-110.849839132,-110.045145002,-110.233160778,-108.66164765,-110.815673661,-108.925991856,-109.804427232,-108.302082386,-108.440198625,-109.194991686,-110.646457808,-113.373169192,-113.919689234,-114.32519901,-115.594541262,-110.754205215,-111.188012577,-105.65459908,-106.69809001,-106.118025375
-106.476230756,-105.704156091,-105.269924418,-106.306646239,-103.952605031,-106.218213348,-105.373992713,-111.202028507,-109.114779868,-111.132979267,-107.273751969,-108.332981412,-107.333451419,-110.536586189,-109.279684211,-109.562814014,-110.2573065,-110.477404942,-110.098439738,-108.036426734,-108.302560579,-108.706553001,-110.44264664,-109.785270412,-108.975385515,-109.20990434,-110.202989927,-108.672422898,-108.071786608,-107.460426799
-106.656372466,-104.476306468,-105.45010789,-104.844478486,-105.175334435,-104.589534326,-104.077910111,-105.782725238,-106.28089498,-107.502414079,-107.433729071,-108.125806194,-108.097944005,-109.168701149,-109.415524814,-110.7764614,-111.170138905,-111.482088004,-113.52069056,-114.670777129,-114.032743414,-114.165893453,-110.732093748,-109.419577102,-109.051036291,-109.114876802,-111.383836751,-111.247157918,-113.596917648,-114.202753804
-107.043941397,-103.834961131,-105.432744282,-105.407309986,-102.852600894,-102.900000912,-102.821672727,-107.677807657,-108.16257461,-108.636213639,-106.879983228,-106.900523274,-106.794868541,-108.296404104,-106.978559422,-105.306033668,-106.56699528,-105.532413217,-107.250775536,-108.133095022,-112.548610529,-111.997722034,-111.788991014,-110.503740476,-110.326807104,-108.567987857,-110.310700343,-109.591766411,-112.03138321,-110.08961761
-114.593375975,-108.065152395,-103.437632872,-103.36691312,-102.953920586,-106.630395162,-106.021474838,-108.262821062,-106.597641608,-106.149542239,-105.937541347,-107.021503827,-107.839000255,-109.55482379,-109.028065785,-110.013845874,-111.171299449,-113.044833663,-109.574419038,-109.935065556,-109.64646953,-113.245391507,-114.202058124,-115.512198422,-110.235360577,-109.85878961,-109.923367456,-111.680300899,-110.55264832,-110.189562775
-111.115160977,-112.016998697,-113.313181759,-114.238970835,-106.249368364,-106.300660914,-105.493667672,-105.679356225,-104.789711281,-105.039233293,-108.344170063,-109.473767125,-108.472655762,-108.077279507,-108.070481529,-108.745221406,-109.797552556,-109.672742914,-111.46504799,-113.632421854,-122.015260959,-122.622119366,-118.340455803,-118.91537225,-113.652247284,-113.228083996,-113.015480486,-111.247895721,-111.14927358,-109.087379555
-107.284373004,-105.209939359,-104.846405073,-104.637947962,-105.294366796,-106.54554236,-107.024290548,-112.005078697,-110.674925946,-111.200131882,-110.298532055,-111.361192587,-108.168358378,-109.70623177,-109.774656625,-111.647578463,-110.874884066,-107.725546727,-107.238347485,-105.886855547,-107.908384377,-110.16451847,-124.387644542,-122.66637004,-115.221425205,-115.46662004,-114.714747483,-120.367165926,-113.458740772,-112.869350006
-111.096406239,-108.786119622,-109.604986176,-108.385199705,-108.576376825,-109.75471419,-111.029770132,-108.153682133,-108.283556999,-107.726674369,-103.31573556,-103.251046278,-103.311067171,-113.865601703,-114.926185005,-117.913285489,-116.612856568,-108.48759682,-108.170185406,-107.387596322,-111.912549823,-110.439619081,-111.923001662,-112.196497295,-112.098356034,-112.847084311,-113.167241,-119.4108008,-117.280529683,-112.396648701
-112.720851993,-111.241351707,-109.367521333,-108.303830566,-109.235544727,-109.981701975,-108.904111621,-108.070498101,-109.50433798,-112.571785807,-107.632450263,-107.239848389,-106.743785154,-110.661333849,-110.681732573,-111.757621961,-113.182882978,-112.359413957,-111.598752356,-109.930352564,-111.758238703,-112.520393954,-109.63489949,-109.500010982,-109.320501244,-112.235879985,-112.614793752,-111.67607204,-111.501480562,-111.32629084
-114.500937212,-111.768607706,-107.007846326,-107.307401238,-106.345050225,-109.46989538,-108.81733945,-109.421888452,-109.981637114,-110.837518499,-114.424892516,-115.256692309,-114.743355719,-117.027935989,-118.070808227,-118.791768596,-122.517490483,-112.095860878,-110.768548145,-110.725433291,-115.782046868,-114.889554468,-114.783773245,-114.472219719,-116.939256273,-115.937430587,-116.454882129,-112.614619224,-111.139832053,-110.453371522
-111.980176569,-110.130988132,-109.894176994,-109.592021324,-112.436514422,-105.487865482,-104.610148142,-103.613033546,-106.655873299,-109.288131686,-112.289674567,-103.291278594,-103.305030567,-103.496003292,-109.448227493,-108.97042301,-108.857925569,-112.115805637,-112.214216918,-79.9483319052,-78.83751258,-78.8319852286,-85.2655307427,-106.229991636,-112.36239951,-111.326142927,-111.076199671,-100.023569954,-98.9306164089,-97.5966642361
-118.971803449,-113.266767342,-112.450143701,-111.850562425,-112.81571489,-100.898997467,-100.861322249,-100.90105453,-112.577581395,-109.647066595,-108.899283741,-102.413319621,-102.900514609,-102.643170487,-109.526177047,-109.076020493,-111.22897595,-113.395866077,-113.15942719,-81.3942903591,-79.873687739,-79.8674553295,-85.1442535627,-107.504745969,-121.270193662,-116.906195998,-116.057782923,-114.168883135,-115.090551835,-107.758227716
-111.538987166,-104.704626361,-104.864572458,-105.244688154,-113.575928404,-104.500921373,-104.098015159,-103.869868226,-109.613115081,-112.521926825,-114.411261626,-110.379793001,-107.936449949,-108.105813377,-110.090872693,-115.247588496,-115.084586591,-113.717558449,-113.648059201,-83.733819188,-80.7268237516,-80.7268641905,-83.7364413347,-112.863233556,-112.582660429,-109.184547907,-110.758668294,-106.16829783,-105.304964568,-104.423341914
-116.784701229,-111.749571902,-112.262150103,-111.591942966,-113.011886443,-105.598052522,-105.104582785,-104.40931755,-108.645733461,-109.200658941,-112.353680073,-109.969716154,-111.395314772,-109.917265768,-110.183618698,-108.093275599,-107.529413554,-108.241578645,-108.349683126,-87.605559624,-81.4867746884,-81.4854363915,-82.6933601608,-108.445527232,-111.81119756,-113.385751382,-115.802539641,-105.941116486,-104.184199281,-102.556332055
-111.26124881,-112.66326936,-113.563907789,-114.489758981,-114.412779491,-96.754811707,-95.8961245252,-95.9069139023,-103.110221256,-116.177577951,-110.908083047,-100.706776788,-100.506069376,-100.84076268,-111.329758298,-112.550734678,-112.574555642,-111.479486721,-112.758293484,-82.9617233758,-82.8822165488,-82.8667933404,-99.2504820437,-106.638830642,-110.196043772,-107.878916056,-107.494116384,-106.267258751,-105.562328858,-102.911749237
-112.362823087,-114.931680645,-113.621162773,-111.701800694,-110.798663902,-96.9820692107,-96.1159473808,-96.1150571834,-102.977239939,-110.720642394,-108.152451716,-101.501209231,-101.766198939,-101.964321622,-107.136347535,-106.042561259,-107.43515606,-111.626740207,-110.319068051,-83.6382197736,-83.2017835633,-83.199901443,-93.270137937,-108.35986421,-112.214363116,-105.737443974,-105.993473165,-101.435784648,-99.084861468,-96.1907688803
-111.681563668,-111.121047413,-114.568024231,-114.14894518,-111.315869647,-97.5393335756,-95.1921939517,-95.2308737317,-98.8164178866,-115.555814386,-117.857209728,-112.835123404,-112.55163654,-111.455758178,-107.789457049,-105.682353359,-106.068793936,-109.137928462,-116.603370129,-91.4190203818,-87.5672081849,-87.5580668385,-89.842060944,-110.724241972,-112.649650423,-112.011982823,-111.133930395,-98.1618715383,-95.7670056297,-93.7112083121
-108.512535311,-108.863872011,-109.09741272,-107.780648949,-108.840881777,-96.3433695505,-94.2886160261,-94.2870981822,-98.2370413517,-122.171725375,-116.61671746,-116.168613072,-114.015736078,-114.74752051,-108.286488787,-107.948802896,-107.114930663,-110.949640002,-109.861589226,-86.8104970407,-84.9175896676,-84.8372101857,-89.1685871742,-100.966336569,-108.003213995,-108.008226738,-110.250267369,-101.631631356,-98.9567719517,-96.3878523222
-101.633622999,-100.913272563,-102.114621477,-102.56585688,-101.952951105,-93.0246525683,-91.3532186095,-91.5216582316,-95.3748927488,-102.174223856,-102.939698433,-98.6911183618,-98.7269006465,-98.0292825313,-102.739327938,-103.1089197,-102.338708664,-101.628551005,-101.225876465,-95.2239251057,-88.643783326,-88.6693675587,-89.5649485493,-104.995871157,-107.145893946,-102.066144583,-102.367324151,-99.5680890285,-100.396407085,-99.5123337276
-106.221652412,-105.731704617,-105.302976427,-105.002068337,-106.206237531,-100.965229621,-94.1924868306,-94.2234724873,-94.9021432018,-107.523354794,-106.334008142,-102.361684264,-103.060583847,-102.971794119,-107.881194819,-107.206120737,-109.779718344,-110.54572234,-107.975941158,-99.8943856122,-90.7737895688,-90.1547069814,-90.4201304997,-97.6937832354,-104.667307438,-110.946353943,-110.190890638,-95.7295600446,-93.259667997,-91.7587892987
-112.139129855,-105.599716029,-105.888212628,-105.76964421,-114.312354275,-96.5743743631,-93.6987358109,-93.7055668559,-96.7901640985,-114.050237916,-114.045455074,-107.557419123,-107.708576366,-106.68418705,-109.64665151,-109.484594569,-111.280613153,-110.58939328,-111.632898793,-91.8387566387,-91.5231736066,-91.3838664436,-101.050953757,-105.970918662,-116.185376681,-109.199249719,-109.105844906,-101.696827391,-98.7951147432,-96.8717951004
-109.226778707,-103.391805301,-103.393422758,-104.106089042,-114.929498256,-91.4722095555,-90.0191971347,-90.0211278087,-95.4278901619,-117.750912197,-110.99025912,-105.128601729,-105.02301421,-106.107462398,-114.440586948,-111.813502962,-110.916056331,-112.11458821,-115.712458119,-98.3341258984,-93.2414517089,-92.959943469,-94.4311826381,-104.403184243,-110.203742953,-109.516077404,-110.900841432,-103.257738502,-100.37119591,-97.9904843027
-113.505487811,-108.069676876,-108.199628901,-107.942852916,-113.133837892,-97.5120955181,-94.335040796,-94.2964825976,-97.0143114231,-109.721742981,-111.146711767,-106.33082889,-107.404387553,-107.511832603,-109.636018842,-108.641256276,-107.336358909,-109.659742625,-110.973960807,-87.341100416,-86.2441683714,-86.1536713604,-92.3359444641,-102.688994936,-111.709143247,-110.061350077,-109.697887125,-98.3804940323,-96.4167577355,-95.496888715
-111.341864125,-107.430981345,-107.188893553,-105.749021751,-108.34798918,-97.9262447811,-97.5199780194,-97.5230952555,-105.144375858,-112.033876134,-111.908851065,-109.116942988,-109.84278082,-109.429206019,-111.830376566,-112.659054493,-112.970307485,-114.860375665,-114.386459933,-86.321581016,-82.5516317036,-82.551409963,-84.907820495,-112.561081146,-112.108470193,-113.819605361,-113.016405151,-100.576407837,-99.6440884694,-97.2771019427
-115.634306316,-109.135180765,-108.497790705,-108.577318346,-113.339583774,-100.426870934,-98.7023776467,-98.6345784543,-103.180836558,-114.214795682,-112.614846976,-110.620268001,-109.971036967,-112.211673726,-114.697273261,-116.90352396,-115.983224876,-117.384903337,-116.357488075,-89.84013871,-85.0007310423,-84.9969090977,-86.715371216,-112.247392723,-104.808222576,-104.696757246,-104.722724651,-104.040956916,-102.075573454,-101.038936076
-115.023742639,-113.227523883,-114.620392963,-110.658499455,-112.046527958,-104.233646005,-104.731778792,-104.519411079,-112.980544125,-112.257007218,-110.931128396,-104.30157264,-104.50231213,-104.92971355,-115.74645013,-114.322175991,-114.920729423,-115.233846434,-116.799081535,-92.3334078048,-89.0838109072,-89.0500093812,-91.7740437364,-108.562395072,-112.372375282,-110.590450905,-110.292613299,-102.720976316,-100.866861853,-99.3481561597
-112.690314239,-111.994393068,-112.745946009,-116.931394503,-115.174690448,-112.976576108,-95.8188079328,-93.5769170845,-91.6182848505,-92.2362435306,-93.6184684282,-97.2918091618,-106.420796093,-110.309814995,-112.12702605,-107.054661036,-107.146396645,-107.394492921,-113.370737126,-113.8579646,-104.586174795,-103.63556385,-103.795663109,-107.675808935,-111.184969319,-111.271928575,-117.040845597,-117.654321594,-114.903681981,-113.391982447
-110.979183286,-111.213670772,-110.674179426,-108.355656538,-108.439482589,-109.632665375,-90.0760678958,-89.8336690455,-88.9452225643,-91.9386931102,-92.1158460697,-93.970514142,-99.0511991601,-100.309019733,-101.499606729,-111.627287471,-111.527718873,-113.127518201,-112.003861121,-112.931998763,-108.651320969,-109.315578397,-109.458623762,-114.490879264,-112.301613479,-111.02175817,-111.023704596,-113.264350423,-113.175125601,-99.2230055808
-116.944376741,-113.602755605,-111.841162544,-111.705215344,-112.596081698,-112.520505425,-86.3426301266,-84.3354997586,-82.3143359119,-83.4788429722,-85.0114183387,-90.1385075934,-100.313501326,-102.017736401,-101.94975555,-112.186085722,-110.543566492,-111.484027728,-112.364532343,-112.948155357,-104.481526668,-103.972000488,-103.919264204,-108.930793198,-112.183481322,-114.156949249,-114.763004661,-112.119871918,-109.189495575,-103.864973747
-114.972842622,-113.759180781,-111.597150094,-110.317132936,-111.549325251,-113.081119712,-83.4885242785,-83.2107047301,-82.9226979153,-91.1260179951,-92.8361215833,-96.844565158,-101.331448023,-105.165341901,-107.987723471,-112.20173791,-112.385188118,-111.593413977,-111.596513964,-112.510043669,-99.4316547555,-99.4287338618,-99.3597066724,-112.348801853,-114.74376832,-113.103545018,-112.741962781,-111.591199858,-110.788900896,-106.790084653
-115.437896728,-112.495944449,-111.701476232,-111.522942541,-113.181749533,-116.212090783,-95.0307380507,-93.3734526652,-93.3795482557,-94.1910633486,-95.4599958737,-94.8763720226,-100.336801856,-103.39394205,-112.591845528,-109.522565439,-110.94809308,-110.272038847,-113.351636645,-112.776435529,-107.76205852,-108.370154521,-107.903512851,-114.545022731,-112.920395468,-112.162370333,-112.634981171,-113.528181142,-114.26321931,-114.4186396
-116.177662987,-114.826824076,-114.687861822,-110.124575664,-110.750120351,-108.7258876,-95.0876789357,-91.3940414725,-88.9420554047,-88.9996969319,-90.5512907603,-94.8020177613,-100.618668305,-102.793671825,-103.274704362,-109.487803194,-109.229309312,-109.41688801,-112.05145997,-111.111231205,-107.288907784,-107.474605702,-108.09292232,-113.816513818,-113.408754589,-117.421227806,-113.252871278,-113.590624399,-112.783297917,-110.338252106
-108.411191935,-110.166246204,-110.128262258,-111.22946364,-115.349475831,-111.238495392,-101.919889002,-100.76073773,-93.0522921833,-90.743050429,-90.8191017928,-93.7341078274,-105.330797699,-106.166553313,-108.198008795,-110.586548804,-109.457263093,-110.127498176,-108.259587305,-108.438614386,-103.63524341,-104.376345249,-103.678115115,-108.442632787,-109.30953172,-112.673456974,-113.366217951,-113.695816626,-115.200856832,-116.03369425
-111.61607464,-112.623645776,-111.57471734,-112.501407959,-110.676344317,-109.876604357,-109.767819522,-93.4726592321,-93.3011850677,-91.6929822538,-96.2053292038,-96.6083830854,-107.306213667,-107.893126086,-108.730604621,-114.561555682,-112.714977015,-112.282828046,-112.613643773,-114.345304389,-107.976273041,-107.814444281,-108.232286531,-114.495744931,-109.814444332,-109.94055482,-110.499894497,-110.621059182,-109.562654797,-109.188300065
-109.737864148,-108.417852303,-109.145694385,-112.336699756,-119.128650283,-116.951189964,-101.965926072,-99.8315852941,-93.97534946,-90.7217732378,-90.8646299952,-92.6709625105,-104.151344015,-105.711057824,-110.85823475,-111.624987831,-110.044515107,-109.747975215,-112.563738539,-119.90066185,-109.954158693,-109.419399192,-108.415986778,-110.990962961,-111.820408921,-114.492727581,-111.738813409,-111.357483536,-111.333191297,-110.629005644
-114.189576705,-111.505268333,-111.381692194,-112.805107597,-114.393514751,-113.682286414,-104.820147843,-95.1596344931,-94.4767231202,-94.3337318223,-99.937817317,-101.712070081,-105.406923333,-105.801997194,-111.004824283,-111.340591599,-114.352945548,-112.598282129,-114.545881121,-115.652451239,-111.41825191,-111.543198377,-109.437323927,-111.621944639,-110.304736644,-112.514581311,-112.292626061,-113.085997418,-109.65469271,-108.599581084
-111.55011595,-109.97633319,-112.165913546,-112.254665038,-115.144770342,-113.215258735,-102.136629333,-93.965811506,-93.8087442257,-92.2747107154,-95.9534862106,-96.0067962126,-107.624949557,-107.218271689,-112.054047524,-109.703583695,-110.567149487,-109.546628824,-112.186490108,-114.14448077,-119.131957642,-119.5584776,-114.39787969,-113.911566925,-112.687001412,-115.41707061,-115.98833158,-113.272879953,-110.47738365,-106.509207704
-115.399077066,-112.915972887,-112.291360892,-109.732883613,-110.48506247,-109.30322526,-104.215418914,-101.08785365,-97.1690325149,-94.0501951263,-94.3291482905,-95.986108636,-106.72407373,-111.093737891,-111.977824686,-111.426289623,-112.994379311,-112.064091767,-112.633902583,-111.955726365,-109.690619256,-111.448937389,-110.851144451,-114.010636541,-113.685847348,-110.702989678,-110.99508138,-108.238269306,-110.737857294,-102.979934487
-115.185321685,-113.139230747,-114.709693516,-113.406126641,-114.735938263,-116.300533115,-101.438244322,-97.8914206244,-96.3982964853,-94.0634194831,-95.2136308542,-96.285544084,-112.890464567,-111.44361408,-110.15294068,-109.715925587,-110.529337885,-112.048547681,-117.120812414,-116.914951291,-116.78807208,-118.815268831,-113.946896022,-112.696680736,-111.569249987,-109.001583772,-109.582505768,-109.637669778,-109.48398196,-105.472602369
-110.654062009,-110.558738076,-110.972931648,-118.445929402,-117.953320233,-119.470454703,-108.175080677,-89.3752446558,-89.1815655752,-89.0467741379,-99.4488153111,-101.545713927,-105.533203703,-106.385724442,-108.368835736,-111.941466237,-113.09254046,-112.33502853,-111.904334213,-110.232454274,-108.129908378,-108.422504989,-106.609307876,-107.767236507,-108.198192946,-113.831554204,-116.613132638,-115.322685313,-114.450226092,-105.310322571
-115.0440317,-114.095504149,-111.04358525,-111.18583285,-111.801932133,-118.058750079,-104.278378506,-99.3230901694,-95.2168679837,-92.1589851218,-92.743477715,-94.5346496736,-110.527333806,-110.987061834,-114.75727093,-111.193235255,-110.834002206,-111.477979062,-115.128195044,-117.685626469,-110.281873035,-110.377733148,-110.750365847,-115.898849352,-115.544647543,-113.071418752,-112.537394055,-111.319912862,-111.865627002,-110.229417193
-114.0668803,-111.711171166,-112.656584153,-113.078612397,-112.451352595,-112.626915435,-102.061185963,-97.5477786646,-96.8831694003,-96.4687473157,-99.5869267185,-100.885104872,-113.496395363,-113.701030166,-114.7055705,-113.109165642,-114.499153666,-113.71498157,-116.522251829,-116.342353947,-116.071296788,-113.982494887,-112.996487925,-113.435409715,-112.880660516,-111.437993025,-111.303717158,-111.022082537,-112.195301801,-108.882126064
