-97.3659459053,-97.8234846609,-98.070140081,-98.1789106107,-108.040646768,-111.456390029,-110.753407588,-108.982043001,-100.257667811,-100.247479523,-100.301884793,-100.327538117,-100.332241241,-100.332244977,-100.513063893,-111.125004347,-110.582994407,-107.329331972,-107.797997461,-107.767385933,-108.093227309,-107.519158663,-107.614738151,-107.898291478,-112.485266984,-111.648248723
-100.187097697,-100.244415231,-100.520148558,-100.952371741,-107.335266142,-107.026877861,-105.990532678,-106.060564761,-106.832655777,-106.81400008,-106.71646075,-106.164109368,-106.324968114,-107.935625406,-108.27557675,-108.998314437,-109.155542843,-105.045056127,-105.349420964,-105.084174099,-105.088646058,-104.76970009,-105.252889392,-105.255230243,-109.649269256,-109.365229597
-98.0618563641,-98.6169849683,-98.7687110977,-98.6182575472,-105.978861046,-106.813699662,-106.914302215,-107.154141811,-107.500360356,-107.840293469,-109.103827858,-109.588589956,-109.967378124,-110.430470873,-110.372818223,-112.779865554,-112.730505092,-103.540704797,-103.232924567,-103.209877402,-103.280350106,-103.180732335,-103.295767028,-103.299463602,-111.472140598,-112.868076399
-100.700730333,-103.074549224,-103.830833762,-105.120266791,-112.300117904,-111.028565756,-110.019711064,-109.698066667,-107.395389963,-107.530111219,-107.012661726,-106.849479948,-106.743712162,-106.697875666,-105.851833615,-107.656361646,-107.530718624,-107.740683215,-107.97713279,-107.224052373,-107.770487812,-109.941489195,-109.075947643,-108.961501368,-109.27232375,-109.196197827
-102.31409503,-104.99422218,-105.579526479,-105.885321412,-107.403620956,-108.856958495,-108.723037444,-109.070331965,-108.279257438,-108.659411606,-110.088768227,-110.216895937,-108.380921456,-108.963146052,-109.113778632,-110.212558534,-108.607977932,-101.489233951,-101.487654875,-101.758954165,-101.652045882,-101.599928229,-101.607516875,-101.86560715,-109.176868554,-108.931250457
-101.428569577,-101.804290687,-101.665506292,-101.868909015,-108.081923001,-108.292647553,-107.367752808,-106.779789254,-105.507307515,-106.189546924,-106.485492184,-106.203258451,-106.100664325,-106.508354768,-106.04297387,-107.968019591,-107.088991077,-105.301070827,-104.935400515,-105.079950406,-105.436948437,-106.559681503,-106.557407625,-106.936629856,-109.07521631,-111.523111761
-96.3438083412,-96.306139127,-96.3416387134,-96.3384612172,-105.3449913,-107.433344248,-107.502264846,-107.914641509,-110.022053757,-110.109119493,-110.713432424,-111.297052514,-111.205993205,-110.677518287,-111.864621419,-110.930144969,-111.072437664,-100.549104288,-100.506172398,-100.346957716,-100.359228026,-100.416669446,-100.36579732,-100.361310292,-106.576171927,-106.677282089
-102.195963245,-102.140272795,-102.321460114,-102.635331461,-108.025088978,-110.465404312,-110.182821602,-109.745474469,-110.839164528,-111.031263069,-112.252845842,-112.424784234,-112.504538623,-112.978112408,-113.916117967,-113.199651921,-109.425201445,-103.797204134,-103.820867473,-103.145642067,-103.136662784,-103.135665665,-102.88478156,-103.546144412,-108.214089009,-107.43372686
-99.739608433,-99.9969536939,-100.411652837,-100.472344331,-108.786342594,-110.527692735,-108.74101552,-107.897813383,-107.758816477,-107.775452171,-107.610955358,-107.488080709,-108.632134265,-109.768444888,-111.728276024,-111.946075242,-111.705344499,-105.32182784,-105.340698167,-104.552057651,-104.693378892,-104.851005247,-104.531941855,-104.482069953,-107.316869085,-107.00820103
-99.9191606737,-99.8711113035,-102.963289939,-104.399477887,-108.490160914,-109.847432519,-108.900972597,-107.324388259,-107.436727445,-107.090666015,-106.898259543,-106.258822461,-106.86395949,-107.068529875,-108.431178455,-108.398067544,-108.370400131,-106.61179408,-107.02858871,-107.163636559,-107.228844871,-107.183870874,-107.338856133,-107.559212898,-104.577908224,-104.27948099
-97.2423207617,-98.0992211815,-98.3238467136,-98.3863264732,-101.138707414,-112.030060926,-110.206833815,-109.468956016,-108.007486599,-107.799643622,-105.965519062,-105.939512017,-106.283172982,-106.474566726,-106.645789461,-107.200081807,-106.671086572,-107.301563695,-107.218094404,-106.965461246,-106.885879577,-106.975099238,-107.022803818,-107.713587923,-109.423406688,-109.424108493
-97.6791583746,-99.2426163964,-99.79327529,-100.180773412,-104.720982358,-107.690986565,-108.189286676,-108.312718737,-108.322874887,-108.484155824,-107.334967196,-106.762892854,-108.143282916,-108.115107504,-107.499531878,-107.116915177,-107.042199032,-103.010576316,-102.871563017,-102.758439792,-102.754367691,-102.937594542,-102.865734004,-102.867084859,-107.015635717,-107.53609533
-98.0361580776,-100.429817684,-102.034004668,-102.879405735,-106.607034351,-106.759981142,-106.60831157,-106.558824138,-106.698598494,-106.903160554,-107.525997851,-108.016596727,-109.279953192,-109.243383855,-109.018763625,-109.191684911,-108.607536691,-109.259669768,-109.551280551,-107.763625682,-108.015466494,-107.384342597,-108.111426359,-108.67786635,-108.496772852,-108.062205395
-100.13391738,-100.243080872,-100.458028077,-100.740410872,-107.336823681,-107.01071215,-106.828756483,-107.30882225,-110.550368107,-110.359929825,-108.696923104,-107.668064244,-108.160925351,-107.43410328,-107.200738674,-107.234330878,-107.303126779,-103.401857717,-103.791510314,-103.735703049,-103.471694742,-103.477098204,-103.144010542,-103.02484272,-105.259952576,-104.530580184
-102.170809339,-101.664834065,-101.733680158,-101.536150115,-103.222791562,-105.204287151,-104.974178105,-105.167959836,-107.851623265,-107.964466132,-109.330667825,-108.855347808,-110.316031632,-110.188512111,-109.969872525,-108.687648634,-108.285853859,-101.979642768,-102.048883839,-101.628869036,-101.681097063,-101.747565712,-101.920630847,-101.827059925,-108.60461208,-108.19143019
-99.6341945475,-103.667452763,-103.379346669,-105.101487007,-106.654624213,-106.830959629,-106.40367685,-106.096457345,-106.065905972,-107.125184476,-107.700474328,-108.599967122,-109.001602951,-109.952970872,-109.572240118,-109.94724189,-109.845024147,-102.1340982,-102.18911501,-102.204549643,-102.246424629,-102.256932518,-102.341200429,-102.414944612,-110.810476095,-108.143589384
-102.305995585,-103.849023601,-104.239796261,-102.763314544,-105.865804897,-105.444303717,-105.288863013,-104.939495457,-104.965822779,-104.956341088,-106.891073505,-106.411404245,-106.969003071,-107.053073811,-108.119143944,-109.486286567,-108.056158458,-107.166304904,-107.642243088,-105.851794269,-105.937984603,-105.905304761,-105.723199464,-106.512703278,-106.1906746,-105.983385091
-97.6561411378,-98.3283232978,-98.3212416578,-98.8912098079,-101.604158254,-102.740937187,-102.589589105,-102.765100243,-107.304171759,-107.058742772,-106.42717009,-107.031314997,-107.141686915,-107.519630274,-103.059228946,-102.860243651,-102.715449263,-103.426604284,-103.343237597,-103.069880843,-103.058320703,-107.714657189,-107.961177337,-108.05635009,-105.990734792,-106.243094219
-102.664315672,-102.202812532,-102.440709731,-102.750828602,-105.148445361,-105.260483744,-104.338691776,-104.347488483,-106.997709615,-106.612498248,-106.883210987,-105.442925622,-105.429703125,-106.46265961,-106.682874577,-104.293438397,-103.821253373,-103.163614433,-103.896999546,-103.886787603,-103.824265762,-103.727139863,-105.777968589,-106.937432752,-102.882658009,-102.906454307
-100.573945628,-102.346664888,-102.23962525,-102.218249371,-106.446471089,-106.59377129,-106.317581641,-107.247476268,-107.172705917,-107.057304294,-108.170872137,-106.854001156,-107.409994239,-107.091795575,-105.8051084,-103.350219162,-103.06973332,-102.10998221,-102.528233889,-102.613342538,-102.660051098,-102.638066913,-104.417611656,-104.758289753,-103.89836211,-102.993183835
-100.456503423,-103.915615435,-103.962773441,-105.265034216,-106.83147122,-107.634451901,-106.740934209,-106.713405517,-106.481679666,-106.387531601,-105.717248014,-105.636284041,-107.660294257,-107.421713061,-106.485294661,-106.418163318,-106.053924833,-103.503431443,-103.429960019,-103.165785283,-103.637534299,-104.122391048,-104.521121431,-104.738568688,-105.25262347,-105.37056253
-96.9648411475,-97.3929312458,-97.4541130228,-97.3443923685,-103.16369393,-106.440772033,-105.495502435,-105.574505135,-107.313720665,-107.323598143,-109.945446265,-109.551905523,-108.095803517,-108.780703957,-107.502043236,-107.124899946,-107.179671025,-103.712361508,-104.100213185,-104.475596033,-104.244664067,-104.794553919,-104.507122816,-104.464437251,-104.371439575,-104.281782821
-100.919873068,-100.972611291,-101.034079656,-100.829710297,-103.246596787,-107.147304548,-106.148404926,-106.23528584,-106.636567065,-106.526075122,-107.906838613,-106.159363803,-105.978041665,-106.684541084,-106.706603443,-106.487936219,-106.927891711,-101.928242624,-102.631447802,-102.784926678,-102.853848563,-102.341579167,-102.483278526,-102.452094982,-109.630323522,-109.116942229
-97.6376052769,-97.7550992607,-97.7485653217,-98.9325556092,-105.264223262,-106.236315856,-106.333795926,-107.132264116,-110.77091617,-111.602784599,-111.368446782,-112.179890616,-112.051878926,-112.565160047,-111.501398092,-113.143371251,-112.727152982,-110.847090807,-110.166939091,-109.260850257,-108.039745119,-107.827085145,-106.052365071,-106.107661717,-104.558042951,-104.259429384
-100.21254136,-101.371557527,-101.425401377,-101.455898544,-104.640703721,-104.892413393,-104.615494692,-104.450916413,-106.807612424,-107.359115326,-106.859054227,-107.921547295,-108.155099643,-109.215046606,-109.594650218,-109.95584141,-109.62013981,-109.674071927,-109.576973396,-108.457652075,-105.278212517,-105.271685939,-105.114930392,-105.236795354,-105.184571125,-105.269964546
-102.164832604,-102.038428723,-101.938520592,-101.933525161,-105.779277413,-105.680356765,-105.864346162,-104.528682924,-105.728554107,-106.482488529,-106.678081183,-107.710902576,-107.19482125,-108.069622289,-112.01933883,-109.77222815,-109.442159223,-106.287689977,-105.825642755,-106.090104834,-105.650612415,-105.414719285,-106.228459215,-106.428748471,-109.920849643,-110.579372433
-100.685082892,-99.9463798458,-99.8551166921,-99.8220120258,-103.454438896,-103.217902398,-102.351954704,-102.185532082,-104.326741158,-104.51201365,-105.187411898,-105.818423697,-106.221866371,-107.808507525,-109.023428291,-109.390417458,-108.34600161,-108.510885643,-108.267336164,-108.668302113,-109.647828003,-109.252091064,-109.50388611,-110.445258553,-110.00079908,-110.368265994
-101.03600141,-101.306626693,-101.331175436,-101.579183346,-103.900713372,-103.575213736,-103.624615401,-103.627307611,-107.583520865,-107.598665256,-107.749816625,-107.508600638,-108.394900325,-108.156908109,-107.238505354,-107.194286917,-106.505928044,-106.297555351,-106.099442468,-106.691851902,-106.868756791,-108.225369065,-108.928413895,-109.284234855,-110.270008406,-110.510798528
-109.957195352,-111.058104943,-109.477319033,-107.314787098,-107.160507722,-105.927161001,-105.657805311,-106.257900866,-105.140267882,-105.973376118,-106.908507085,-106.244364074,-107.317474042,-73.0812452983,-73.0810746409,-73.0099668968,-73.0097318057,-73.0099499521,-73.0103204077,-68.9220808855,-71.0193007608,-71.0188382067,-71.0640213948,-70.8301111202,-70.8267154406,-70.8265471198
-101.637568409,-102.382129158,-102.426460777,-104.031076804,-105.684073971,-104.672307923,-104.933814228,-105.134082915,-106.983189396,-106.909998689,-107.317797202,-107.282283115,-108.706619047,-107.939982489,-107.233590531,-107.172486612,-106.905128628,-106.933328185,-106.374576331,-106.832230056,-107.393993797,-108.429347396,-109.37726834,-109.110145741,-109.289057274,-110.434685596
-101.059723018,-101.881254618,-101.925945434,-106.228063692,-106.649404496,-104.819779594,-105.504550051,-105.89723911,-105.953700543,-105.847755113,-106.431710535,-106.555343571,-108.484988835,-107.112970207,-106.598036878,-106.605710873,-106.633351844,-106.876658124,-106.007889388,-106.258458051,-107.252366634,-107.935251617,-108.920755037,-108.265380342,-107.910102073,-109.471145719
-99.0136022094,-99.4413672455,-99.4902815577,-101.099497799,-105.317923427,-106.344956817,-105.950209349,-106.30433948,-108.519159836,-108.343911362,-109.144026588,-108.066687878,-108.262563578,-108.282064116,-107.547955318,-107.515249626,-107.836424149,-104.403314022,-105.160153234,-105.292722736,-105.591678727,-106.002101184,-105.969514259,-105.663033469,-108.311991482,-107.075917313
-103.555677568,-103.428966822,-103.242090927,-103.076583212,-102.929911233,-103.831387948,-106.336394478,-106.418178638,-106.515667495,-108.445653481,-109.158952213,-111.67906542,-110.862902052,-111.440068381,-109.976923365,-109.560118721,-109.431657707,-109.508978334,-100.748778418,-100.788700212,-100.724439546,-100.931023932,-101.03659406,-100.943108077,-100.906212035,-109.9679228
-103.774717916,-103.312515371,-103.488001342,-103.379369593,-104.606515584,-105.770169188,-106.502356759,-106.431980552,-106.743101519,-106.977120117,-105.718096693,-107.964634923,-107.898880653,-108.420324462,-108.373828417,-109.675489685,-109.682455704,-115.390203926,-114.894937435,-114.489605819,-113.363991363,-113.431179417,-111.28096171,-109.704028772,-109.134714686,-107.858384964
-100.960075358,-100.902023748,-102.435596372,-102.37982975,-103.162506303,-103.893792047,-108.351194773,-107.17513307,-106.92727352,-106.911148263,-105.882399509,-106.231751957,-106.90654775,-106.634256983,-107.151034734,-107.655253695,-108.072722697,-110.574208993,-107.482389048,-107.436812311,-107.310367845,-107.986926503,-107.468643661,-106.936938058,-106.628644404,-105.873299895
-102.83491289,-102.192562726,-102.88975593,-102.88774414,-102.908825054,-104.800004998,-106.363788818,-106.338248386,-108.509223242,-107.795902261,-106.465096835,-107.687515589,-106.984010287,-106.792403807,-106.910298297,-105.821748138,-105.828165105,-107.024440374,-105.036325661,-105.349875188,-105.356975602,-105.417037379,-105.795240222,-105.511435103,-105.409759144,-107.227733268
-98.8018204822,-98.8025234793,-100.697953094,-100.497196731,-100.222063722,-103.462643645,-106.0863755,-104.938316053,-104.210495964,-104.752184679,-104.177235479,-105.196524205,-104.677661942,-104.589451823,-105.817194699,-107.090776515,-107.380637879,-109.066004971,-106.962824239,-107.079526463,-106.50471033,-104.56322352,-104.279281036,-104.057662185,-104.274970151,-103.823108626
-101.717125058,-101.687497754,-101.896496199,-102.180359029,-102.224869457,-104.164180105,-105.918692246,-105.411284746,-104.297007603,-106.050576928,-105.96908135,-106.733050203,-107.239132871,-107.147775837,-107.907582177,-110.220629254,-108.321495144,-108.146092676,-107.034804187,-106.968764539,-106.629655189,-106.465982094,-106.740174486,-107.404615156,-107.557178867,-108.378975407
-100.049964624,-99.9530707347,-101.628286925,-101.655585484,-102.162575075,-102.287655606,-104.209884374,-103.848674969,-104.034356386,-105.477297766,-105.641651111,-109.4678406,-109.327095937,-109.715523179,-111.825535421,-111.593874103,-110.672212168,-109.783809786,-105.833123516,-105.671626643,-105.422969225,-105.549054632,-105.521163039,-105.128755709,-104.820730691,-107.905227658
-101.425982943,-101.427103578,-101.361989689,-101.197095503,-101.152361021,-103.657410954,-103.790082615,-103.716892375,-103.708086585,-109.528495034,-108.341124588,-108.44658827,-107.880007554,-107.168806016,-107.231406063,-107.239551031,-107.617985238,-108.76043289,-106.691641203,-106.721436605,-107.404069283,-107.117043544,-107.074220459,-107.376512701,-107.664237019,-107.442007519
-98.4261076796,-98.3978079313,-97.7985969575,-97.7185935185,-97.9977305352,-101.901719906,-102.824674521,-101.657890695,-101.851669723,-104.791411076,-105.258767958,-105.185052869,-105.098738616,-105.348740462,-106.853876747,-106.780635826,-106.83114962,-106.805475383,-104.73505562,-104.878668114,-104.953053292,-104.265260775,-104.300470192,-104.078666997,-103.708950604,-105.380757848
-99.5539707808,-99.5596395432,-100.673019805,-101.372240234,-102.319639262,-107.943266243,-109.762654172,-109.480056563,-108.701520212,-108.151967655,-108.041323879,-108.960869874,-107.132336439,-107.038033776,-107.0987639,-107.637350955,-108.353635943,-108.222126254,-102.501443508,-103.107907734,-102.922193437,-102.541893477,-102.488561937,-102.459618195,-102.08066416,-106.805606471
-105.435248495,-104.913316812,-103.14025376,-104.026847918,-105.338503473,-105.97355687,-105.895406239,-105.749505714,-106.081455592,-111.338476062,-110.947149332,-110.614429172,-110.430319837,-109.873934821,-110.417028492,-109.354612933,-109.039472669,-109.087278254,-108.163138941,-107.97363389,-107.550419949,-107.60146335,-108.592944672,-109.322385008,-108.656230103,-109.431414202
-92.462394142,-92.4585208565,-92.8082593097,-92.8066040341,-93.081605976,-105.366381614,-107.060190092,-106.207577645,-106.218602502,-107.191371697,-107.633742688,-108.352852379,-108.569172409,-107.583593552,-109.512099071,-106.984007445,-106.981036556,-106.077143345,-105.535706938,-104.731833133,-105.184321717,-104.298692931,-105.516993685,-105.516872514,-106.113499399,-106.538194498
-101.085795252,-101.072611607,-99.8588030944,-100.164166602,-100.647754777,-102.384882659,-103.751643836,-103.78212173,-103.436046549,-107.655993789,-107.581611389,-106.087172171,-106.950103931,-107.834201578,-107.102682658,-107.056604904,-106.550333766,-106.90748272,-105.774174182,-105.722464686,-105.645279182,-104.315430402,-104.682366148,-104.910147444,-104.570451406,-105.787088491
-102.681369556,-102.688860912,-100.35662917,-100.334276885,-100.527884691,-102.783468268,-102.878347789,-102.699384632,-102.587360147,-109.252519443,-109.052792102,-108.927405563,-109.1454775,-108.590504737,-109.06874633,-108.86580774,-108.511917413,-109.089359641,-107.601435452,-107.860700459,-107.83582758,-108.105067592,-108.511011044,-108.46517379,-108.602717644,-107.02761056
-101.650887082,-101.568743865,-106.685380282,-107.786727048,-108.57669023,-108.668555172,-109.086644121,-108.695794563,-109.219929664,-109.989812562,-109.53444942,-110.215111727,-109.880705983,-111.684768574,-110.319040451,-110.285965875,-110.436111914,-110.581168705,-100.437663392,-100.471880205,-100.206747093,-100.215244564,-100.177744084,-100.017985744,-100.001496146,-107.045976825
-104.380203773,-104.381332608,-104.011022098,-103.95281208,-104.026965276,-106.864044663,-108.47250815,-108.907026371,-107.996780683,-112.050388052,-110.806093351,-110.367144151,-110.100555928,-110.083835425,-109.5824578,-110.325517314,-110.394413268,-110.241281087,-105.792287214,-105.860611855,-105.717773578,-105.246288442,-105.307255169,-105.279470885,-105.547641625,-107.28938813
-100.192084054,-100.165287249,-101.604592297,-101.73884741,-103.348473737,-106.674668216,-106.917107731,-107.858493519,-107.846825063,-108.371286593,-108.052545659,-108.445967121,-108.501642792,-110.738079853,-110.571132653,-109.969115823,-111.460700892,-109.951793304,-104.488836503,-104.301408032,-104.041062997,-104.101099209,-103.882098084,-103.927358381,-104.344662506,-109.691781426
-98.0390367802,-98.0522010223,-99.3103953329,-99.4860247325,-100.650477941,-105.838121198,-111.171696229,-111.342693428,-110.74366054,-108.985067551,-109.218698452,-109.003679793,-108.902066495,-108.363692736,-108.466776323,-106.3079225,-106.783541945,-106.517166083,-106.170786866,-106.255551494,-105.866557254,-105.815371424,-107.112429384,-107.409570871,-107.918936102,-108.363511694
-100.124266896,-100.057292212,-100.305948594,-100.595983312,-102.807763481,-103.604166508,-104.856296294,-104.79407665,-105.049180381,-109.466484488,-109.989984523,-108.403229046,-108.359951395,-108.91955974,-108.230368068,-107.472141158,-108.678013586,-108.541612422,-104.734083049,-104.528842349,-104.540536556,-104.892529334,-104.861172043,-104.810782167,-104.447372827,-108.202380116
-100.595648593,-100.603085431,-102.326272418,-102.331749116,-102.998456197,-107.33613087,-108.477630607,-109.266959101,-108.873286827,-108.956117914,-108.836526911,-108.862990538,-108.574893154,-109.165666998,-109.106910711,-109.562238456,-111.719863996,-111.507639234,-108.730675622,-109.201480739,-109.298152806,-107.801766125,-107.461881593,-107.118578778,-107.155261898,-109.563048849
-97.9139670529,-97.8911859438,-99.1142142384,-98.9734580905,-100.735310642,-105.697103117,-106.085836409,-105.17053567,-104.799920479,-105.187239723,-106.171063034,-106.185368287,-106.784808569,-106.006496185,-106.845881501,-106.148717177,-106.071595575,-105.50929899,-103.735983585,-103.452624706,-103.361561864,-103.27100999,-103.443820735,-103.574610152,-103.704430656,-105.550942082
-101.196049203,-101.170180868,-101.6227782,-102.03618288,-102.174616249,-105.094507287,-107.711798496,-106.516661033,-105.816035746,-107.329508967,-107.155900387,-107.112376219,-107.519167018,-107.791329712,-108.679970906,-110.364580339,-111.740001847,-111.397166882,-103.962008095,-103.909364319,-103.599687171,-103.88084494,-103.073409287,-103.006156762,-102.936377795,-107.574466061
-102.706729036,-102.501749231,-105.412006153,-105.233422525,-106.5225008,-108.155898429,-108.355746218,-108.439945408,-108.213197864,-108.13020626,-108.854794298,-109.079183544,-109.561044641,-109.479271724,-109.792358723,-111.723854175,-114.206463176,-114.720295357,-108.27055018,-107.970154558,-108.151917843,-108.184570854,-108.036120194,-108.129854329,-107.543199514,-112.703589252
-98.4360368518,-98.4273197779,-100.758808127,-100.780440378,-101.486868328,-110.551677785,-110.83751615,-109.631285791,-108.620535996,-108.77578968,-108.39058923,-107.790422379,-107.827637402,-108.107221388,-108.083148211,-108.067968192,-107.590759364,-107.921804706,-105.240269215,-105.180949413,-105.102842635,-105.572278846,-106.209242433,-106.803316358,-106.803777811,-111.715919075
-108.54849301,-108.816009882,-106.546969965,-106.612592561,-106.923212762,-106.959577628,-107.057359895,-107.058516728,-106.64769975,-110.13764342,-110.42573632,-110.794898391,-110.716303509,-109.804328733,-109.654460299,-110.542503684,-112.353653568,-112.44414975,-109.849325961,-109.771019688,-110.458342776,-111.271225982,-109.842267751,-108.516350055,-108.482576228,-110.301633
-108.050297193,-107.953423543,-110.500268535,-109.013278681,-108.434972182,-107.912281852,-108.361046809,-109.464823615,-107.668675317,-106.860861409,-107.865055151,-107.420822815,-107.093076479,-107.13160019,-74.8232250719,-74.8241357295,-67.1329547695,-67.1329268128,-67.1329286117,-67.1329938207,-64.7823024589,-65.2346138954,-65.2345258031,-68.569246775,-68.5689249016,-68.5689989215
-110.684065827,-110.709375137,-113.209364272,-109.788308535,-108.615507919,-108.13445883,-107.613352256,-107.161766,-107.21051017,-107.11542558,-107.685448028,-108.419348164,-107.982720348,-108.335367197,-93.7854834983,-93.7688665334,-71.3779390169,-71.3774970084,-71.3775669973,-71.3777906867,-58.7824827387,-58.7833530312,-58.7833498328,-59.027682079,-59.0267131575,-59.0267066223
-109.390759186,-109.426528297,-110.886555124,-111.354612986,-111.762957411,-111.686520885,-112.760837982,-109.91086494,-109.118642016,-105.745712961,-105.709669193,-105.606256009,-105.786583017,-105.583359242,-73.0807310787,-73.0809045151,-62.6361034041,-62.6360992797,-62.6361045182,-62.6361037827,-59.5825684581,-59.7802577311,-59.7801469409,-62.5483631236,-62.5464064684,-62.546334598
-108.788323127,-109.075647688,-109.048492957,-108.745647048,-109.181674599,-108.088524328,-108.883544262,-109.202543551,-106.07758045,-105.266199694,-105.066807852,-105.038311017,-105.565387722,-68.8042399198,-68.8042790224,-66.5026135244,-66.5027154965,-66.5027505003,-66.5027493538,-56.1130900037,-56.3531502762,-56.3530778992,-56.5292467023,-56.5292072194,-56.5292071834,-56.5292007079
-106.872825622,-106.89683733,-107.386982847,-106.852932415,-108.365853772,-108.745940712,-109.644863694,-111.901375842,-112.234154216,-105.372437649,-105.846680525,-105.903972857,-105.398140171,-105.565472062,-74.8220942016,-74.8218596364,-66.0564880697,-66.0564863727,-66.0563840108,-66.0564366124,-59.5212729523,-59.6509845146,-59.6508499858,-60.611324625,-60.6110097222,-60.6110209274
-108.241708608,-107.989006807,-108.142496673,-107.381772614,-108.041746622,-107.846049609,-107.830407166,-107.265246162,-106.804337318,-105.414398897,-105.772389211,-104.960527791,-104.444502641,-104.960760347,-77.002281324,-77.0028934284,-69.3744792199,-69.3745177341,-69.3747151244,-69.3747630769,-60.0697225715,-60.1583301999,-60.1578571194,-60.6110965846,-60.6106850894,-60.6106698794
-111.532016186,-110.497375966,-111.246152094,-107.261509269,-106.725631312,-106.849946619,-107.057965343,-107.039915188,-107.175586091,-106.600630142,-109.35693216,-109.0350466,-109.656038445,-109.57909588,-71.6310324687,-71.6310734322,-64.2361032314,-64.2360696344,-64.2361049718,-64.2361146689,-62.2607588387,-62.7938808212,-62.7932861534,-66.6301154717,-66.629965326,-66.6299634554
-108.74578081,-108.178483109,-109.236571754,-108.28247752,-108.416367737,-108.683388023,-108.527620518,-108.537987196,-108.496807078,-108.724986626,-109.670939484,-109.543113606,-107.979671054,-108.413725142,-81.8603491827,-81.8615842671,-60.5160750751,-60.5160501563,-60.516040125,-60.5160530002,-58.8154626891,-58.8362383999,-58.8361512966,-63.7070890596,-63.7069575877,-63.706943558
-109.536875795,-109.19970212,-109.475637468,-109.479949196,-108.387481861,-108.278551041,-107.512171825,-108.611459703,-106.681428554,-105.967462128,-106.325226304,-105.967872619,-105.969564608,-105.67830673,-77.0032120279,-77.0041523979,-64.6707825915,-64.6707727868,-64.6708381378,-64.6708364458,-55.0095170491,-55.0367970355,-55.0367837643,-55.5061338736,-55.5060078353,-55.5059914938
-108.751392141,-108.711769585,-110.087590905,-109.455468549,-107.177899037,-107.235953252,-107.222502715,-106.365293415,-106.195657279,-101.005440128,-101.197885868,-101.609852568,-101.603446446,-101.611632812,-78.3288512709,-78.3292154772,-78.0090628489,-78.0087401748,-78.0088868946,-78.0082640453,-61.4304347109,-61.5186242391,-61.5182500562,-61.5255229444,-61.5253340269,-61.5253304486
-107.712219718,-107.446407745,-108.395363248,-106.457743276,-106.354109005,-106.304410981,-106.76524149,-106.60759588,-106.946891133,-106.340422988,-110.431221463,-108.074606264,-107.958787945,-108.027662221,-81.8607440433,-81.8591502525,-66.3398318255,-66.3398155222,-66.3399560993,-66.3399303814,-56.602294447,-56.6152274716,-56.6151336561,-57.0899042347,-57.089895654,-57.0898926361
-105.338978728,-104.044271392,-104.058683664,-103.237331918,-102.988189819,-103.656029208,-103.108637326,-103.833221644,-101.710636105,-101.514232161,-101.444735201,-101.004091084,-100.876840378,-101.519172093,-67.46450725,-67.465353532,-64.5112949241,-64.5113713943,-64.5115349745,-64.511497681,-56.3672643169,-56.7176894775,-56.7174934155,-57.0891459386,-57.0890823491,-57.0890754908
-109.282564364,-108.494997531,-108.777468848,-104.588179948,-104.750977695,-104.301236976,-103.128569691,-103.203418374,-103.468847312,-103.443295419,-106.035571702,-106.443351622,-107.482197623,-110.821522525,-70.3884101279,-70.3883888893,-63.0519026347,-63.0519105256,-63.0519125817,-63.0519313052,-58.6524341293,-58.9527089597,-58.9525006903,-60.6098930809,-60.6096651777,-60.6096376922
-106.960453455,-107.332066558,-108.0810183,-107.815637894,-107.035246816,-108.077957706,-108.117720452,-108.52579219,-106.736965031,-105.372069556,-105.617128536,-106.206124566,-105.410832733,-105.431775232,-70.986482902,-70.9869328832,-65.78385615,-65.7838628034,-65.783857849,-65.7839283426,-60.8624060411,-61.3051630704,-61.3044980416,-62.5477022827,-62.5476621651,-62.5476661822
-107.748754805,-108.356560453,-108.694444895,-105.88570978,-105.787582421,-106.231632343,-105.477424003,-105.411677579,-103.566753792,-103.439692469,-104.885177727,-104.990526581,-104.817223,-105.634958518,-81.8544827583,-81.8628099133,-71.5516621338,-71.5516574635,-71.5515900763,-71.5516243655,-62.0352567215,-62.079802668,-62.0797543483,-62.5490261036,-62.5486718027,-62.5486795832
-95.8961413935,-95.8905412399,-95.8896794853,-95.6585308487,-95.6371575706,-95.6258320091,-106.999460868,-106.612842421,-106.743622342,-103.453475512,-105.089309012,-105.280899759,-105.201999097,-105.02927985,-78.3389022636,-78.3384462041,-67.6785675069,-67.6785635883,-67.6785434617,-67.6785735171,-60.583789161,-60.6564359178,-60.6563434342,-61.5260753701,-61.5259516895,-61.525947768
-108.700827058,-108.767512384,-108.30890513,-108.031416957,-108.829565299,-109.202570321,-109.008828911,-76.2525009036,-76.2525059011,-76.2526755676,-76.2527067213,-76.252879606,-76.2520819534,-76.2520629513,-110.105642875,-108.816293126,-107.948780652,-106.910434206,-106.907310872,-108.049743715,-108.367230867,-108.497592968,-109.545545216,-110.901452236,-113.857460609,-107.322447616
-112.706229491,-112.869347657,-112.875433521,-113.699789905,-114.696958505,-116.121282227,-114.732962145,-115.157452999,-114.639289049,-113.155684486,-113.25026448,-112.143558873,-110.224095142,-110.549743292,-110.417414922,-110.287598253,-111.023807565,-109.894588641,-110.144572387,-111.523168751,-110.865591736,-110.984282474,-111.210380809,-110.89766055,-111.236932328,-104.039507092
-110.780464064,-110.073203057,-110.611903145,-110.479016732,-110.07593155,-110.743548433,-109.964467491,-63.1894202256,-63.1894362719,-63.1894363071,-63.1894393708,-63.1894537724,-63.1894624226,-63.1894780605,-115.164480063,-115.682785237,-113.291046808,-103.478639889,-103.540318148,-102.924063658,-102.941764499,-102.883937406,-102.874879919,-103.04156555,-108.214886198,-107.36898089
-110.788369125,-110.977518157,-110.797783367,-110.389735538,-109.9846877,-110.677719724,-110.934463774,-67.4669877267,-67.4669920433,-67.4669689762,-67.4670140166,-67.4670417592,-67.4670366003,-67.4670343637,-114.878356104,-112.491818611,-110.331056228,-106.985488203,-106.937174571,-107.026306228,-107.043043044,-106.964312791,-106.486900367,-107.561775232,-111.455310074,-111.327233993
-112.504008114,-112.172267173,-113.279279936,-114.22979026,-112.789374814,-112.255607452,-112.151905968,-74.3148921206,-74.3149569616,-74.3149527771,-74.3148048771,-74.314977975,-74.314846461,-74.3148128158,-110.685575831,-110.411921134,-110.281473883,-109.367573475,-109.381219846,-109.169440582,-109.233073085,-109.708415108,-109.498217473,-109.569121729,-106.980454004,-104.44615734
-114.56009372,-114.11696494,-113.263988275,-111.401495367,-110.832599316,-111.452475706,-110.955674254,-66.0159547218,-66.0159586626,-66.0159530395,-66.0159973954,-66.0159989192,-66.0159786399,-66.015966728,-111.52083757,-111.467603078,-112.076294977,-111.994161807,-113.103527527,-113.90405415,-114.356623489,-114.219234718,-114.419168662,-114.580039901,-112.061014713,-108.629716333
-109.573577576,-110.843346635,-110.773522534,-109.966371633,-110.547119793,-110.245166671,-111.384028233,-70.2328610912,-70.232937427,-70.2329282891,-70.2329431049,-70.232834855,-70.2328202026,-70.2328410738,-111.312356985,-109.970786595,-109.570243623,-108.145880679,-109.091579234,-108.755190231,-108.122192102,-107.12371482,-107.714728177,-108.043797131,-109.736111675,-107.463845149
-110.60120798,-112.69114679,-100.037365569,-99.9320130507,-99.8505639662,-99.7118767428,-99.7261380154,-99.6853972383,-99.7070083951,-109.037849251,-107.626920294,-107.438170843,-108.074521033,-108.226838748,-108.503646607,-107.839831138,-107.919720215,-110.145371209,-111.523761341,-114.026018274,-113.24053646,-112.624315883,-113.093949576,-112.765749261,-113.526495185,-112.801628816
-108.132150339,-108.005015395,-101.261485287,-101.292161624,-101.320215643,-101.308013674,-101.290903931,-101.625999875,-101.679124091,-109.956229671,-109.239604535,-108.801097903,-109.673477543,-109.372495074,-109.235008948,-108.36184341,-108.613521823,-107.453495602,-107.582641115,-107.285369075,-108.130796588,-108.128887312,-107.474517435,-107.594433743,-109.540182052,-109.927500323
-110.824419816,-108.437826129,-100.470119672,-100.285616755,-100.264594672,-99.7145856716,-99.7104324658,-99.3836247504,-99.5953233527,-104.573757248,-104.793566965,-104.387768885,-106.433144412,-106.187033189,-107.967078807,-106.590400127,-106.607657308,-107.121036702,-108.198635161,-108.315269139,-108.593039804,-108.95101661,-105.621536077,-105.704680598,-105.59079891,-105.332389726
-106.325114995,-106.598843867,-103.321137231,-103.18944746,-103.278904004,-102.505630241,-102.438863031,-102.044080824,-102.242208948,-104.375551476,-103.736102278,-103.836087559,-105.553911324,-104.969537095,-106.947887254,-107.077381554,-107.789808046,-108.87307022,-108.807613872,-108.583393008,-110.978778775,-111.174235122,-110.588303041,-110.66813637,-113.144427033,-112.965119106
-109.948926748,-110.107050676,-105.354538567,-105.33608215,-105.371588098,-104.721901446,-104.175616151,-103.062207119,-103.23885033,-105.825944577,-105.224103009,-105.376871521,-105.9567214,-106.688516456,-109.88940704,-109.586714488,-108.129674265,-108.581537056,-108.764013023,-109.055266533,-109.747367014,-110.228402782,-108.604957909,-110.21254013,-111.612672888,-110.833257575
-107.859882192,-107.313085942,-102.070905895,-102.17293245,-102.259317305,-102.345996763,-101.989519917,-102.159670776,-102.385695212,-108.587953852,-107.871057642,-108.158062626,-108.327620128,-109.936213789,-109.498419722,-109.706592169,-108.957081552,-110.052779427,-110.056232926,-111.569790269,-110.144747294,-110.497264053,-109.79494761,-111.002681677,-111.450545624,-110.638244689
-111.36505463,-111.292288171,-107.797022584,-107.902002384,-106.237098554,-102.956479286,-103.173322143,-103.197740275,-103.191159838,-104.086266104,-103.99254029,-104.857449836,-112.81888859,-111.119329319,-110.655110905,-110.957383533,-110.810714764,-109.211498791,-108.10528007,-108.249228784,-107.725593426,-107.934061995,-106.701771848,-106.843604776,-107.092044865,-107.944842808
-109.30167352,-111.831791243,-99.555155844,-99.5434865457,-99.4809104385,-99.4780312628,-99.4288612518,-99.3880048387,-99.381846199,-108.767585342,-106.295296101,-106.630609856,-106.80550912,-106.803301027,-107.25475302,-106.936620285,-107.506121169,-110.459248566,-110.011184552,-109.877050812,-110.428650501,-109.979918599,-112.104357356,-112.219949991,-113.538174387,-112.990361151
-109.486027701,-111.792378351,-101.367040666,-101.390756028,-100.985028128,-100.626587312,-100.633841073,-99.4531999035,-99.4565458936,-103.224138439,-102.812884386,-103.144916778,-103.808074436,-103.688145526,-106.254999603,-105.441156345,-105.495287944,-106.206949836,-106.787483949,-106.183676506,-106.270206538,-108.067645599,-109.141809713,-109.593240072,-108.579005926,-107.160288936
-110.175007904,-109.093396778,-98.6222644894,-98.5546811436,-98.4605457183,-98.4495050835,-98.4444494856,-98.2693027183,-98.378494515,-107.07752569,-106.559228686,-107.065868463,-106.792594922,-106.777896059,-108.556154288,-108.423919051,-108.307145295,-109.366822558,-109.356672272,-110.948012502,-109.736769936,-109.804202215,-109.58213362,-110.428049802,-111.233787061,-110.58493219
-108.16701774,-107.785524214,-106.514968376,-106.162417715,-106.156764944,-107.385565949,-107.37410574,-107.8040397,-107.934191691,-108.981096587,-107.585835773,-107.303776576,-106.836616939,-106.908647711,-106.49220191,-105.292912903,-105.617741622,-106.511426139,-105.472957719,-105.954857516,-106.076787431,-106.575014207,-107.947578136,-108.090605452,-108.680207942,-112.146530554
-104.377483597,-104.408352161,-95.0032301858,-95.0268426899,-95.0991343227,-95.0261563458,-94.977778459,-95.0903746627,-95.1032113882,-106.365998321,-105.690370045,-106.064055673,-107.868730936,-108.656219018,-107.389671512,-106.673238832,-106.708072409,-107.412972666,-104.477884367,-104.416790172,-104.565242107,-104.276549694,-104.300849699,-104.328915821,-104.230860446,-106.500050931
-108.785810891,-108.856373561,-101.485753892,-101.356015324,-101.263442368,-101.470525884,-101.77570386,-101.643039534,-101.638438201,-109.946279027,-108.160020846,-108.925521956,-108.725518275,-108.030511775,-108.400805187,-108.675900742,-107.734135084,-109.944803419,-108.404951864,-108.507967219,-107.203876184,-107.354283859,-106.999500029,-107.932596281,-107.34447892,-108.323381955
-106.38664113,-107.090898773,-99.4151158946,-99.4427879395,-99.4210791521,-99.0997632085,-98.7834897481,-98.9941086869,-98.999900586,-104.93654559,-104.107027303,-104.511346286,-106.16141446,-107.710433633,-107.445232288,-106.0520166,-105.902821907,-106.465123544,-106.376876146,-105.815187281,-105.870883561,-106.330108992,-106.413968946,-106.801338881,-107.789594612,-107.460581091
-105.086310347,-105.408230533,-98.768056999,-98.8400595609,-98.9147340851,-99.5502687844,-99.5110355175,-99.1487435655,-99.052032778,-106.501739207,-106.287461472,-105.999078165,-105.511586727,-105.600822851,-107.410045403,-108.486336377,-108.862568854,-109.106164044,-109.797260846,-111.615215305,-111.384880104,-111.26838443,-110.106223738,-111.008138515,-110.858127339,-110.866705767
-107.342513026,-107.944520024,-102.865486567,-102.921343101,-102.404087612,-102.56152673,-102.545223497,-102.242157968,-102.385800022,-106.956703274,-104.130135112,-104.703318838,-105.194950754,-105.131714109,-105.742809597,-105.921423065,-105.906570757,-109.590188355,-107.614168264,-107.964339368,-107.626433579,-107.62980148,-107.520462577,-107.609183418,-108.2738747,-110.865659258
-112.127289156,-110.233110438,-101.647019168,-101.721441726,-101.654998529,-101.578725405,-101.565718963,-101.119126759,-101.37613739,-107.227467763,-104.269259951,-103.907745179,-103.933157865,-103.885779059,-104.824318656,-104.671001623,-104.885480297,-108.544758888,-110.124817022,-110.928169937,-111.154170667,-111.220372043,-111.059792367,-113.26041823,-113.011326325,-113.053835926
-107.384282558,-108.926303875,-100.98604463,-101.091610442,-101.257462371,-101.009291085,-100.98431891,-100.548849607,-100.585757679,-106.886188065,-106.096114322,-106.043345814,-105.809739234,-105.834986463,-108.522531376,-108.32378519,-107.182189204,-108.367334726,-108.369677117,-110.100653763,-107.338767956,-107.290499146,-107.266579707,-108.553356256,-108.265409209,-108.236833427
-108.247665322,-108.607362993,-106.952625468,-105.99714038,-106.597201815,-104.602590576,-104.155350749,-103.907001348,-103.994930637,-104.726897439,-104.150601013,-104.10040159,-105.145188699,-105.881742509,-106.475492113,-105.691926497,-105.48883422,-106.240760573,-106.552084053,-108.296242514,-108.043324409,-108.078299349,-108.968686668,-109.585997309,-112.098777107,-113.5287726
-109.404464896,-109.811024154,-103.941999362,-103.91719497,-103.985849197,-103.153984491,-102.559118555,-102.748618572,-102.730135628,-106.366894896,-104.286498926,-104.32846701,-105.465781359,-106.452189772,-106.236322979,-105.978655545,-106.189987541,-106.495948521,-106.497470749,-106.619678894,-106.183226608,-106.456643292,-106.578095138,-106.649367171,-109.862216425,-109.777941456
-106.457934172,-106.826317968,-102.421933944,-101.861588628,-101.84975286,-102.272950211,-102.677603826,-102.707907847,-102.603434802,-107.171636651,-107.554526837,-108.894164148,-108.900480544,-107.681346061,-107.471287869,-107.538412036,-107.190537184,-105.057861661,-104.993499823,-104.946625992,-104.77755258,-104.226724299,-103.477761404,-103.789985035,-105.912048001,-105.65756053
-107.179242795,-107.38442171,-94.9200371186,-94.9376831585,-94.9181897345,-95.0274000266,-95.0121677912,-95.0406342215,-95.0337073248,-109.078954509,-108.100124141,-107.980904396,-107.759916955,-106.901357229,-106.904728074,-105.88648975,-106.098697012,-106.704542546,-107.088549331,-107.802855604,-108.580758116,-107.567487764,-108.925406459,-109.309605402,-109.612053102,-109.817343139
-107.793226609,-109.435819981,-103.719067726,-103.625558947,-103.703929675,-102.89943024,-102.924386272,-102.905388786,-103.388379996,-108.369473934,-107.456446452,-107.304160679,-108.565596031,-107.034081917,-106.788126004,-105.636670391,-105.004122248,-105.517328592,-105.379909386,-106.061368889,-106.687420921,-106.943480739,-108.101819637,-109.670397772,-109.787706528,-109.762456927
-106.945843798,-106.271332307,-104.78572975,-105.219187269,-105.200611568,-105.256727042,-105.562619585,-103.899447808,-104.936959504,-107.105035997,-103.401946442,-102.768658115,-102.510967333,-102.456351806,-103.624672892,-103.310288718,-103.243432501,-105.13718557,-106.236243629,-106.752836005,-106.974430624,-107.039604818,-107.808987963,-107.94745072,-114.891445747,-114.955269104
-109.053107373,-109.144327211,-99.7697721719,-99.7861388432,-99.7346488612,-99.8247114381,-99.6177537301,-99.6709332666,-99.7318420029,-108.848004191,-106.313245671,-106.84069736,-107.062025751,-108.065168047,-107.352455849,-106.864351428,-107.169724768,-107.919835832,-107.102219806,-106.96110139,-107.025755788,-107.912110915,-106.90488499,-106.838231479,-108.682757842,-109.735769252
-108.799606239,-108.759148154,-102.08013834,-102.550669562,-102.508940476,-102.066553341,-102.03144519,-101.836477366,-101.70836343,-107.107955281,-102.081877819,-101.600305491,-101.929039488,-101.909813149,-102.081088014,-101.917493955,-101.526923517,-105.229524359,-106.426495086,-106.574223385,-106.269923935,-106.000542051,-106.820980894,-109.447423924,-110.219304233,-110.00602807
-106.882606435,-106.160996611,-102.111033872,-102.311663104,-102.021077713,-101.614534871,-101.543740854,-101.164442083,-101.583748213,-104.931970503,-99.0008143259,-99.0560901702,-99.2389968698,-99.297916797,-99.7841621359,-99.7846540165,-99.7802539391,-108.886698585,-110.107726919,-108.585333736,-107.594148379,-107.876124525,-107.447080005,-107.344244798,-108.110211198,-108.102569262
-105.799349945,-107.828099651,-102.642197413,-102.614268927,-102.686898147,-101.918467186,-101.882950282,-101.194396351,-101.150951529,-104.765259762,-99.6596504725,-99.6168461162,-99.934237503,-99.9647575652,-100.644026043,-100.782879796,-100.707401249,-109.723236555,-109.957647488,-109.607900829,-109.712023684,-110.078074906,-109.788921615,-110.743052424,-111.477182143,-111.460607139
-108.347469053,-109.867694802,-105.523790059,-104.861051348,-104.306252207,-104.223106968,-104.136780971,-104.127726185,-103.128827442,-106.107276553,-106.402093111,-107.323235804,-107.060900703,-107.404065333,-107.452690219,-110.455320734,-110.176741702,-110.213480456,-104.114653337,-103.999385338,-103.898735367,-103.810227612,-103.555194983,-103.33998868,-103.582943039,-108.143313115
-107.851913235,-109.600047542,-104.554116064,-104.525130377,-104.740257344,-104.161766885,-104.15021291,-103.181782514,-103.20193625,-106.55871762,-95.1538424874,-95.1497906655,-95.1931239811,-95.1953087206,-95.3459473563,-95.340500821,-95.336410109,-110.658987708,-109.620677011,-109.20179028,-109.201929581,-109.631894814,-109.804353731,-109.94390712,-110.096835216,-111.030754751
-109.354743266,-110.320044224,-105.861694974,-105.914160015,-106.374749272,-106.070582015,-106.116412675,-104.734999317,-104.807277532,-107.849353393,-91.9304891043,-91.930731329,-91.9357019026,-91.9342814145,-91.9846702069,-91.956513653,-91.9574215366,-109.790977909,-107.927513594,-107.606901064,-107.507980531,-107.837942665,-108.570114452,-108.260278003,-108.176230626,-109.718343624
-109.983819091,-109.077133037,-99.7416316165,-99.7923702295,-99.7387579616,-99.7285795556,-99.6665035897,-99.7605575607,-99.9085845869,-111.006828043,-80.7729717054,-80.7730615112,-80.7731989129,-80.7706381582,-80.7711032181,-80.7706771415,-80.7698759545,-105.943606645,-106.117120655,-106.061901254,-107.333586186,-106.773693318,-106.636383356,-106.876999949,-109.721307207,-108.531505446
-105.637176601,-105.664254333,-102.336571626,-102.55336961,-102.662711856,-103.091342588,-102.228511895,-102.850027478,-102.806179911,-106.593654184,-82.1004742819,-82.1006036458,-82.1026083412,-82.1103497175,-82.1077766872,-82.1042025943,-82.1030993658,-106.534801545,-106.536337455,-106.924194399,-105.591363151,-106.244152832,-106.453030625,-106.81413595,-107.963304031,-107.164913759
-107.472839741,-107.536032209,-104.632758991,-104.766268039,-104.929506987,-104.463184705,-104.468075643,-104.359492137,-104.336259032,-106.211445741,-89.6322192787,-89.6144214639,-89.6532888882,-89.6390937513,-89.6515085528,-89.6522408671,-89.6672748484,-108.663040556,-109.735698523,-109.603606878,-107.792161589,-107.795660546,-107.405787188,-107.331054911,-106.814671195,-106.783303454
-107.611580662,-105.150023072,-102.776298585,-103.072917309,-102.976164323,-102.733756002,-102.526942664,-102.580396896,-103.76404887,-107.739229252,-94.2167689688,-94.0550470631,-94.0955085577,-94.0324138835,-94.0102110349,-93.9704666348,-93.9433785877,-103.867763041,-105.018274358,-104.986002808,-105.902187353,-106.251066302,-106.760119542,-106.890463492,-106.356086615,-107.844343894
-108.03590294,-107.40392049,-97.3950075199,-97.2755274039,-97.2722282094,-97.3043989312,-97.3283449482,-97.3205388248,-97.4472504044,-106.884914599,-96.689182685,-96.7597173338,-96.751578632,-96.6985290418,-96.7405880034,-96.7342443699,-96.7241946312,-108.781515221,-107.854388923,-106.868716898,-107.678717271,-106.016274234,-106.086014444,-106.896325814,-107.02537116,-107.338062666
-110.443247448,-109.964371658,-109.57309362,-109.437038878,-107.800014491,-105.425309759,-105.357257931,-105.0766669,-105.317791748,-105.300251715,-98.3282558445,-98.3641299552,-98.7653024505,-98.7762143121,-98.8465652588,-98.8398663499,-98.8994361535,-109.258195667,-109.936383937,-109.665166814,-109.509119392,-109.358834687,-107.641893931,-108.301873419,-107.70321364,-107.794208436
-106.127435593,-107.954348935,-100.427911679,-100.47379347,-100.481096158,-100.611553332,-100.547859217,-100.072561,-100.136467493,-106.611642699,-99.3476819881,-99.0259796594,-98.9949750183,-99.109957238,-99.2114964363,-98.8521517464,-98.8336560218,-104.581260458,-105.130321714,-104.598821174,-104.19676857,-104.692721131,-105.312572291,-105.366631228,-105.173249512,-105.560079052
-106.264017049,-106.439907755,-105.191566073,-105.236490318,-105.11690082,-104.47489599,-106.116692926,-101.480813068,-101.280604913,-101.473517676,-97.8258318595,-97.8140789223,-97.9415157801,-97.9575724233,-99.4842043235,-99.5678666487,-99.7934429255,-109.350924948,-107.493228041,-107.513555758,-107.633527765,-107.710673976,-107.361301925,-107.072666292,-107.705472893,-111.357878446
-104.169186922,-103.941958608,-103.688661448,-103.769519583,-105.803064814,-104.838098099,-104.657729699,-103.742591692,-104.149132254,-104.827091386,-103.318780533,-102.264281484,-102.940016283,-102.533644032,-103.766419907,-103.675188447,-103.957476822,-104.46538598,-106.106612175,-105.989056291,-107.359432572,-106.236782049,-105.643405109,-105.665017058,-106.405903107,-106.853734851
-108.068875582,-107.643503174,-103.708213321,-103.421165757,-103.052982039,-99.1218867137,-99.1049082109,-98.9107727767,-99.0416549613,-99.9898893963,-99.2578928484,-99.3373297929,-103.528924575,-103.447674819,-104.054246076,-104.061666159,-104.239943895,-108.472507947,-106.394549916,-105.90702006,-104.858926674,-104.68302738,-103.82568344,-103.740685797,-104.416613466,-105.031340435
-104.765352977,-105.088825846,-99.7377334559,-99.8460380048,-100.020314073,-95.1467284785,-95.0940069514,-95.2962574127,-95.3586132341,-96.6452286132,-96.1072979316,-96.0250621251,-103.685376012,-103.581967327,-103.472944645,-103.057359088,-102.7601275,-106.098808263,-106.902332705,-106.393421153,-107.192851262,-107.547522043,-106.203642255,-106.941330652,-107.158555353,-106.773169694
-106.15006369,-107.055805276,-100.36156043,-100.372213735,-100.459500004,-100.271164512,-100.380464699,-100.158682883,-100.125760401,-106.632943498,-102.923516592,-103.249915001,-103.986042878,-104.076548122,-104.624969863,-104.831065193,-104.713537193,-113.156607434,-111.89081118,-111.852669098,-110.346622811,-110.665199859,-111.11772091,-110.863348142,-110.986570836,-111.443554367
-106.878421995,-109.171361833,-100.678752221,-100.752558207,-100.468784076,-99.3086815746,-99.2900416121,-99.3077224693,-99.3664259386,-103.988514637,-103.944110838,-104.455141038,-110.792558907,-110.47184099,-110.053995278,-108.403439184,-107.659094018,-108.192295578,-107.492866178,-107.292789168,-107.553507579,-107.381025235,-108.101474097,-108.639986223,-108.436437005,-109.575002342
-109.283909595,-109.745858591,-105.930938965,-105.970584201,-105.806724381,-105.162963956,-105.311314607,-103.433401728,-103.385782897,-105.021180263,-104.418144329,-104.404663556,-104.746842181,-104.89143247,-108.77137792,-108.112633666,-108.081096576,-107.521522762,-106.620090837,-106.654413297,-106.678349624,-106.667618158,-107.073664337,-106.981566352,-108.38637173,-109.422691585
-107.106652145,-108.262346027,-104.646152302,-104.656107815,-104.688312916,-103.939177228,-103.548106236,-103.419162936,-103.264030866,-105.693944406,-103.873087304,-103.428427156,-103.659421393,-104.089176025,-104.923020648,-104.88897881,-104.969232125,-107.607600546,-109.248882098,-111.741612418,-111.690620101,-112.455358686,-113.039265588,-111.95345194,-108.809282895,-108.814632995
-105.991449024,-108.539622681,-101.945430917,-101.950611294,-102.232947004,-102.171964383,-102.187804498,-100.663359993,-100.659687491,-104.501346834,-103.744432497,-103.539092451,-103.593280506,-103.564943776,-107.78554459,-107.904805572,-108.103149384,-109.473011788,-110.230643163,-112.265953974,-110.610734626,-110.479574599,-109.584723051,-108.661080657,-109.130227599,-109.135988321
-107.235096422,-108.288039583,-101.504713629,-100.966671686,-100.976919993,-99.7373713184,-99.6195317276,-99.1941894957,-99.2659887693,-101.994518708,-101.724614825,-101.559097236,-103.772398358,-104.23713045,-105.778824837,-105.273930347,-105.752460282,-108.941751752,-110.321126655,-111.338142904,-111.339054265,-110.164893521,-111.926341706,-110.666261755,-110.543403083,-109.386402667
-106.085726712,-107.000699247,-103.023293225,-101.625464909,-101.708036838,-101.137755778,-101.099793038,-100.631963202,-100.606915666,-102.420567991,-104.287636169,-104.740963054,-106.535207423,-105.944114882,-107.349539359,-105.36693518,-105.470897252,-104.379242491,-103.993258345,-103.378747053,-103.969175312,-104.282826691,-105.556417385,-105.613619069,-106.855686761,-107.585864288
-102.842570994,-101.15518148,-99.2496974216,-99.9304383155,-100.517155901,-98.6726404787,-98.5801513306,-97.9130484174,-98.4885603041,-99.4118315831,-98.3417037863,-98.2748330061,-99.9194741389,-99.9993378992,-101.101646825,-101.035048065,-101.112414868,-102.14202351,-100.998540869,-100.362192102,-99.8022365545,-100.209327052,-98.8724338469,-99.2244725538,-99.9405836448,-100.999012317
-104.062778745,-104.84431095,-101.005719104,-101.114400533,-100.897163046,-100.879155402,-100.799995232,-99.9257548555,-100.064715585,-102.966617376,-103.848666015,-103.68183125,-103.679093439,-103.235588778,-105.205779843,-104.651367499,-105.097297159,-102.859350167,-102.661865087,-102.476739352,-103.255009037,-103.089325242,-103.78561142,-103.503560346,-105.390701908,-107.00360245
-107.215506165,-107.461598508,-102.283602151,-102.435293559,-102.420332463,-102.26566871,-102.267931312,-100.66679138,-100.704002609,-103.692366443,-103.519365526,-103.259356231,-103.416547172,-103.103491453,-106.480402934,-106.400476132,-106.577727076,-107.403332113,-103.894284863,-103.808618452,-104.21819768,-104.141101975,-104.07449684,-103.998045343,-103.776286031,-109.504070353
-106.999468843,-106.407189818,-98.7347896538,-98.7820425264,-98.7114641892,-98.5752191819,-98.6054349264,-93.2540741131,-93.3033410297,-94.5251157685,-94.4014871388,-94.4186757343,-94.4821255814,-94.47666576,-106.901858256,-106.915353661,-106.780755928,-107.645028091,-96.3228821294,-96.3094096314,-96.3205765686,-96.3989688636,-96.2440119095,-96.1420116782,-96.1845235104,-106.001582943
-106.511254633,-106.036035806,-99.2651327287,-99.3579538181,-99.3473168324,-99.2355058935,-99.2914701814,-98.2062704979,-98.2477464802,-102.542337568,-102.646465668,-102.626337183,-103.149778513,-103.39067936,-111.124428033,-110.441297466,-110.697651757,-110.761758237,-105.385753753,-105.43384395,-105.10118731,-104.824738614,-105.025281777,-103.671026213,-103.594768927,-106.445604993
-107.003317324,-109.629977206,-100.723984686,-100.754546549,-100.701284048,-100.603088697,-100.396452754,-100.453711666,-100.435916683,-108.13540413,-107.774410759,-106.583623939,-107.106718825,-107.939762831,-109.02616512,-108.413449972,-108.486221749,-109.215447649,-111.276843296,-111.164250573,-110.359632228,-110.326827444,-111.414199963,-101.938379444,-101.93971442,-102.004583636
-106.365756683,-106.211019859,-97.4940643234,-97.4650822623,-97.5193644874,-97.5063464974,-97.5256779219,-96.6072159781,-96.6257897106,-102.52058907,-102.578198218,-102.259229325,-102.777644687,-102.43353403,-106.992703965,-106.779045159,-107.371742049,-107.36356761,-108.47033578,-108.698486833,-110.342315559,-113.225992588,-113.281508625,-86.8372072024,-86.8359338938,-86.8371060174
-108.766016691,-108.633806285,-100.134239772,-100.144349166,-100.041800654,-99.9589536672,-99.8548896479,-99.3294961485,-99.3442229168,-104.946840761,-104.951931538,-105.261894001,-106.318125582,-105.99203231,-111.004211658,-111.400387467,-111.546370343,-111.541024672,-110.145803188,-109.386056236,-110.811035275,-110.461373703,-109.299801471,-100.692963118,-100.588197014,-100.691721482
-105.565824104,-105.378105309,-102.855210676,-103.433430548,-103.430259335,-104.814282233,-104.616520583,-104.537624595,-104.454920865,-109.42680263,-109.476650105,-109.544176598,-109.753419274,-110.192315545,-110.121770749,-109.218646981,-107.015135721,-106.970936947,-105.582103338,-105.35248707,-105.176911023,-105.050934372,-105.724527938,-107.068255057,-107.321187306,-108.171630375
-110.467425239,-108.971669697,-107.191229741,-107.088079378,-106.38309015,-106.105223475,-105.935146529,-106.058050631,-104.198408142,-105.249548971,-105.2369319,-105.590295385,-106.08183442,-105.355259933,-105.273113614,-107.316308876,-107.071551505,-106.662375338,-104.802057541,-104.77468087,-105.260500556,-104.890176004,-105.537371728,-105.391210779,-105.952294846,-109.098430891
-105.637317259,-105.798767429,-103.263628595,-103.775776357,-103.809382956,-104.194610821,-104.556271082,-104.176360113,-102.548488973,-104.27233355,-104.287949504,-104.292840481,-104.387239058,-104.131977266,-104.188189549,-106.921371951,-107.677310626,-108.529784963,-105.861100773,-105.863938623,-105.593042243,-105.206058345,-104.985407678,-105.216109505,-104.986945198,-106.995661651
-108.710857248,-109.159155585,-105.355908314,-105.74979208,-105.602747259,-105.558047388,-105.57129827,-105.840150146,-105.088697568,-109.151880927,-107.1774648,-106.220767748,-105.673926868,-105.638020595,-105.523999455,-106.36760601,-106.347767309,-107.813606637,-104.594630254,-105.129191296,-105.456405726,-105.276380547,-104.64045819,-104.423699949,-103.742683857,-107.391854466
-107.323964075,-107.850844852,-104.034074894,-103.983908571,-104.153879049,-104.243636298,-103.898258466,-104.383942578,-103.446591826,-106.499308622,-106.524640638,-106.42443877,-106.20995658,-106.137251545,-106.29768483,-108.262080936,-107.136244461,-107.245430774,-105.881843814,-105.984704079,-106.305773628,-106.029746978,-106.260974477,-107.403469005,-107.467214043,-109.696654713
-105.975212552,-106.072015461,-103.110985764,-103.005507072,-103.371882435,-104.608181142,-103.80448676,-104.118620494,-103.191776851,-106.129253793,-106.499309423,-106.360903645,-105.991195146,-107.217691413,-107.200476209,-109.810609224,-110.339258983,-110.882588944,-106.891997385,-107.376548076,-105.911620001,-105.458865947,-104.509700083,-104.310394001,-104.248675448,-105.987670914
-107.717290552,-107.349070568,-105.140004488,-106.121115324,-106.061615029,-106.454273162,-105.920656014,-105.635873209,-104.390249384,-106.209544517,-103.855168285,-103.932534713,-103.985929872,-104.786604323,-105.01774608,-106.249769146,-106.532130864,-113.24929367,-106.172047243,-106.006098755,-105.94564877,-105.659696016,-105.604969252,-104.535109543,-104.273644173,-107.592395652
-109.687612575,-109.705218831,-106.31049136,-105.663542168,-105.528305891,-105.247456573,-105.288421159,-105.276620538,-105.02695155,-107.477437413,-108.115309881,-107.347173484,-108.055255384,-107.80992005,-107.901282402,-107.779168498,-107.725559872,-109.347532953,-104.314371038,-104.292221632,-104.213216737,-104.128087475,-104.303218516,-104.205743726,-104.212708066,-111.436992655
-108.142097778,-108.263454652,-103.375427386,-103.344377891,-103.482740362,-103.636880234,-103.732275179,-103.741473869,-103.903951435,-110.357403967,-110.682134776,-110.552709851,-111.161830945,-110.818930843,-111.108724344,-110.26907765,-110.121329082,-110.247570278,-104.828924404,-104.872374684,-104.711918733,-104.739474535,-104.819150971,-104.411568242,-104.317738078,-109.858108085
-106.566585311,-106.529909601,-102.232555727,-102.377014849,-102.328446539,-102.766319635,-102.984616013,-103.004871679,-103.09848912,-108.611990567,-108.760800598,-109.031707429,-109.682599146,-110.031261345,-109.967348355,-111.655559103,-114.705072971,-114.672761106,-104.516111096,-104.549074072,-104.399933806,-104.129407022,-103.483561493,-103.461176677,-103.134347848,-107.478727179
-109.057177692,-108.456962867,-107.83849734,-108.374078835,-108.057692159,-108.238795686,-108.478984158,-107.669445488,-106.734291845,-106.978033336,-107.043871492,-107.514625245,-106.509927934,-105.948730781,-105.917130622,-107.009323854,-107.435456244,-107.159934915,-101.178149231,-101.479116728,-101.685654574,-101.864520837,-101.507178879,-101.24078822,-101.311849499,-107.345839126
-103.616778755,-103.424531767,-102.009232379,-102.341371461,-102.803462385,-103.232843606,-103.419102835,-103.054052072,-103.177914289,-104.284519563,-104.627278062,-103.941175363,-102.383337978,-101.047863449,-101.171972588,-101.261750714,-101.21509095,-100.798238657,-100.529423851,-101.458220122,-102.958690425,-103.100650274,-102.60304019,-102.440012449,-103.262866631,-104.32069657
-109.357759483,-108.68522818,-105.28286696,-105.375490894,-104.85865289,-104.085264986,-103.883209935,-103.854590426,-101.267833578,-102.020409959,-101.961871788,-102.233165576,-101.87590979,-101.948836194,-101.852708725,-105.192545381,-106.168763307,-106.304901511,-103.994414013,-105.021518361,-105.086466596,-105.439191576,-105.767671506,-105.946864758,-105.863777094,-110.286183031
-108.801187534,-108.616204467,-106.750188225,-106.514507681,-106.416593714,-107.339079497,-107.438566561,-107.520231604,-106.089479139,-107.961111467,-107.748246751,-107.932104681,-108.379164156,-107.652978977,-107.541767327,-109.746691469,-109.166653771,-109.748947178,-103.153288772,-102.967849693,-103.110569266,-103.259042793,-103.307398478,-103.553487375,-103.560402651,-112.045070214
-108.942605437,-108.738253061,-104.935246982,-105.251517912,-106.374703149,-106.278059945,-105.703498711,-105.640498668,-104.284825373,-106.985079674,-106.896400155,-106.888305359,-106.951102859,-107.817827868,-108.217103383,-111.528800923,-112.633377422,-112.729753307,-105.286194697,-105.31688603,-104.318616579,-104.288792449,-104.582426752,-104.510868557,-104.451991624,-109.632006609
-111.670863991,-111.260724774,-104.977879314,-105.193523179,-105.09082348,-105.315880072,-105.230083337,-105.271405676,-105.151372541,-111.82729292,-111.56681511,-111.543130435,-111.900590133,-112.410810982,-111.644468722,-113.496699478,-110.503213095,-110.525767493,-103.98402301,-103.875198398,-103.838725371,-103.908196179,-103.485041744,-103.970885496,-103.977393386,-110.6931181
-108.037755588,-108.025785806,-107.91050702,-107.658223398,-107.575903618,-104.539470607,-102.196925039,-101.568138601,-101.652101863,-101.796830527,-101.77450948,-101.759008422,-100.836430747,-102.088199024,-101.250787233,-101.228536943,-101.210912806,-101.087098251,-101.136502602,-98.9035514253,-99.1225813051,-99.9548715368,-99.9404942156,-99.8464009873,-99.45393788,-99.4367038269
-109.247953587,-109.48521754,-109.229990921,-109.309831536,-109.841838855,-113.275730408,-115.166138641,-110.469038567,-110.268825411,-109.579511788,-109.43315052,-109.407003754,-103.513337663,-103.154144667,-103.026227943,-103.011420791,-103.13183235,-102.986236918,-102.977640486,-97.6343380627,-97.7296866712,-97.7260228612,-97.7466896704,-97.764009047,-97.7808495219,-97.7199233974
-107.964816418,-108.274896786,-109.233268011,-109.049597505,-107.98780705,-108.467962983,-107.948577684,-106.955311802,-106.230681329,-105.973133685,-106.136114817,-106.649900955,-105.384599089,-105.037403604,-105.172920571,-105.629071487,-106.050354354,-105.722248675,-105.743646822,-98.7088178022,-98.9397683896,-99.0657387757,-99.0050371244,-98.9731319298,-98.9806713829,-98.9940469701
-105.124453475,-105.078183946,-105.015538012,-104.724411867,-104.508505605,-105.227731054,-105.07038581,-104.262361768,-104.934932906,-105.030613749,-104.324751027,-104.657647072,-104.933224383,-99.0623578524,-98.5135408741,-98.4352073009,-98.3118113674,-98.3895846708,-98.3411679847,-96.4464196676,-98.8673105571,-99.9434682414,-99.9308292368,-100.046685754,-100.031131007,-100.071580416
-107.184537658,-107.589933573,-107.461190113,-106.911859868,-106.526010756,-105.850982623,-106.219662191,-104.978041624,-105.292384213,-105.699583938,-105.996511985,-106.417815481,-108.244651026,-105.998843251,-104.729075081,-104.307855949,-104.288944103,-104.353457249,-104.375859704,-99.0747651169,-99.4519363892,-100.097990569,-100.23394457,-100.215146408,-100.249303026,-100.226779427
-108.631131232,-108.904388578,-108.299728668,-108.265573498,-108.461773522,-105.35478846,-105.901507444,-105.9899217,-105.883078623,-106.141557983,-106.169364761,-105.862467138,-108.433130696,-104.309503051,-101.470541016,-101.395557973,-101.394025458,-101.445350174,-101.628081549,-99.8589295002,-101.162337244,-103.693285643,-103.77861826,-103.736214819,-103.691685157,-103.644459411
-106.661307149,-106.687339795,-107.563365641,-107.160000223,-107.177093452,-106.498124741,-106.960265523,-106.356137232,-106.354164206,-106.213515626,-105.109541021,-105.240905675,-105.010551788,-104.342884417,-104.214500326,-104.620520323,-104.641344021,-105.237542894,-104.826663046,-100.756550058,-100.809764878,-100.904537016,-100.934779004,-100.895599754,-100.26767294,-100.282209785
-107.512084485,-107.524057334,-108.650215313,-108.645575556,-109.062477945,-109.25514647,-108.749376972,-108.11247022,-107.875998572,-108.228052432,-108.121187804,-107.415061216,-106.46008592,-105.353169389,-105.54071098,-105.566041268,-105.346373274,-105.514613227,-106.047705899,-104.03145977,-105.466642915,-105.501000542,-105.499484935,-105.700220797,-105.636855629,-105.540384041
-95.7217673155,-95.793780708,-95.8539301697,-95.8444270922,-95.8420829833,-109.391138544,-108.069148744,-107.980279378,-107.191272742,-107.068680145,-107.158664096,-107.189754358,-105.249831855,-102.791567378,-98.8905358804,-99.0166914855,-98.9493344639,-98.9749883305,-98.9565753507,-98.8490597325,-99.8291179927,-105.516105059,-105.460933571,-105.226698945,-103.980965295,-103.706031789
-108.430266206,-108.127153011,-108.314112907,-108.175912756,-107.821236229,-108.221491279,-107.325305345,-105.902506634,-106.566681051,-106.70125917,-106.557584205,-106.754388455,-105.338876569,-105.66871379,-105.22938555,-105.096993568,-105.042943561,-105.076695436,-105.091825136,-102.296284294,-102.362299929,-103.099848419,-103.013490807,-102.847680215,-102.439932963,-102.472967525
-106.93090023,-106.88002665,-106.513732659,-106.400202577,-106.231826254,-108.366270607,-101.634190221,-101.468144772,-101.40283678,-101.582518569,-101.685440214,-101.80436461,-101.334771424,-106.46194193,-107.599015467,-107.736475903,-107.104617988,-106.74991051,-106.370036736,-106.334160766,-107.322722989,-106.649538416,-106.711726938,-107.185901547,-105.966128502,-105.918803093
-108.127192881,-107.886402224,-107.937999671,-108.646575657,-109.47636651,-106.482035018,-106.658766298,-106.88358285,-106.964440811,-106.78765399,-106.496887405,-106.651632375,-110.813069321,-109.787393774,-109.999833991,-109.862945881,-109.113581628,-109.735688207,-109.755527387,-107.077349925,-107.366256155,-107.568199072,-107.394123827,-107.735641877,-105.866590513,-105.888545061
-108.8071399,-107.833607805,-108.041179775,-108.685382516,-109.031607643,-108.18227991,-106.722745721,-107.306806953,-108.231660408,-108.249982923,-108.688517788,-108.341666686,-109.303183372,-110.176734967,-108.671763396,-108.628118937,-107.943951831,-107.433501123,-107.859904472,-107.626599164,-108.143620795,-109.472585415,-109.411252096,-110.274553234,-110.153540766,-108.888612656
-109.691430219,-110.058488377,-110.112958725,-107.471763986,-106.979303013,-104.942032586,-102.882252854,-102.300035257,-102.304615417,-102.30887664,-102.869778083,-102.953175191,-103.721610247,-105.731819309,-106.601977653,-106.440295719,-106.291944257,-106.164640165,-105.888249304,-107.886759324,-108.02071899,-108.243008718,-108.713063584,-108.786456825,-107.908719469,-108.425806122
-110.4736424,-110.033898362,-110.932700392,-110.479253343,-112.271244887,-104.641085974,-103.28743727,-103.307730718,-103.402707857,-103.494243065,-103.244654888,-102.855221861,-106.278429795,-107.715622635,-107.566965618,-107.199232627,-107.058121379,-107.963707849,-109.337436717,-108.7300922,-111.43040216,-111.745661696,-112.501953281,-112.319803337,-111.736307221,-111.425586019
-110.51582952,-111.039882376,-110.242501907,-109.054796873,-109.126646239,-109.722518534,-106.214566957,-105.16532679,-105.200647689,-104.882156071,-105.223733704,-104.549296437,-104.589502991,-107.084617985,-108.352818908,-107.854299517,-107.915159018,-108.013363771,-109.759472132,-108.919495881,-108.913974122,-110.055286077,-110.593377621,-111.596793254,-110.331638723,-110.517855391
-99.797978078,-102.557331084,-102.763621286,-107.262060697,-107.437149587,-108.342447561,-107.363929591,-107.471472127,-107.317035041,-107.896563488,-108.205357063,-107.491591558,-106.084466407,-107.221376767,-107.826299286,-100.36274883,-100.318475633,-100.136051826,-100.000149201,-100.247384138,-100.116609155,-100.045864804,-105.286238769,-105.256117086,-105.683791556,-105.924271464
-99.3714751392,-100.424206317,-100.394905783,-105.970663341,-104.535969869,-105.102605766,-105.322063792,-104.201102707,-104.879781255,-105.335637086,-105.397650445,-107.318873897,-107.693132839,-107.548942962,-112.441211733,-89.1147498675,-89.1149563423,-89.089330373,-89.0914264057,-89.0947269572,-89.0874433205,-89.0878328339,-108.606129647,-107.713200198,-108.677091263,-108.708205062
-99.390811885,-102.257666707,-102.254873471,-108.88387344,-109.941871738,-108.570852522,-107.56756908,-106.860513941,-106.687910205,-106.778396925,-106.749770524,-107.208250154,-107.814935478,-108.496024045,-110.232937165,-100.741908942,-100.690133605,-100.714553847,-100.691402441,-100.672523814,-100.643507157,-100.650964082,-109.296767524,-108.421755523,-108.295644645,-108.07040687
-101.053142719,-105.315097245,-105.979294357,-110.611300728,-111.00920344,-110.552289289,-111.722292584,-114.205682023,-111.168082748,-110.587669228,-110.540901441,-110.024334985,-109.660961804,-108.883890706,-108.951853069,-86.3484610661,-86.3462901386,-86.3428823525,-86.3448504795,-86.3494462585,-86.3542987582,-86.3535148006,-111.801594293,-110.625669974,-110.098463672,-109.270392001
-98.0863013389,-100.35615165,-100.228302626,-107.179380748,-107.198271296,-107.525866651,-107.916845398,-109.864290873,-109.557380539,-110.15739577,-111.058491494,-109.257860299,-109.552194741,-109.332884582,-108.124582369,-86.0797255254,-86.0824140849,-86.0719855542,-86.0811270336,-86.0800556995,-86.0814955192,-86.0863995814,-108.567631345,-108.405876753,-108.3463492,-108.320520945
-98.5236674919,-103.448620125,-104.109475359,-111.701924366,-112.305558479,-109.787577404,-109.218475065,-108.529576682,-109.089694504,-109.432554382,-108.832180026,-108.189308876,-108.952033965,-109.178699598,-108.959598509,-88.7343866504,-88.7368462182,-88.7344878422,-88.7321246887,-88.7317028272,-88.7329985099,-88.7398652222,-108.533337337,-104.490056204,-104.795756266,-104.744341267
-95.665557673,-98.3973381255,-98.4800454587,-108.383018669,-108.866470782,-108.240011172,-106.701098857,-108.231545919,-108.221721186,-107.565004306,-107.56108577,-108.077639902,-108.344240488,-111.215430167,-110.997785842,-83.2853404606,-83.2871146607,-83.2829078068,-83.2811949299,-83.2831083461,-83.2818846914,-83.2820002705,-109.290431145,-109.520351209,-109.787131885,-110.486913648
-94.7506477174,-97.5536794023,-97.6000005649,-107.390872365,-109.953707995,-109.385675153,-109.179539618,-109.714855449,-108.8310488,-106.550322857,-107.039348303,-107.330337205,-107.440296489,-107.792560541,-107.604695898,-84.4620415008,-84.471682743,-84.4722559422,-84.4730804055,-84.4715813124,-84.4711461841,-84.4728103913,-111.139468764,-111.844568424,-111.239022455,-111.183793097
-95.546700125,-100.234701343,-100.303310763,-112.780084705,-111.709264895,-109.306830576,-108.495547468,-107.051881725,-106.789926975,-106.884471666,-106.925998267,-107.25487099,-108.188429908,-109.023556974,-111.829131315,-82.0836050727,-82.0830571146,-82.0808843668,-82.0804209023,-82.0811644919,-82.0763710865,-82.0759105764,-108.039464887,-107.392526264,-108.233652921,-108.152643887
-92.3480486267,-96.0539677931,-96.0850348856,-108.535129876,-108.314863896,-108.528451642,-107.072968776,-107.051100247,-106.390137843,-105.477728419,-106.377679784,-106.217537906,-104.53335664,-105.272500891,-105.928525312,-84.0408689736,-84.0409219273,-84.0393470875,-84.039018529,-84.0527921088,-84.0521672711,-84.0528859391,-109.264990954,-107.779920992,-107.355437243,-107.75911149
-90.248331951,-95.4369032729,-95.4303459574,-107.184313093,-106.749834095,-106.563661967,-106.297053337,-106.245758548,-106.81946888,-106.963930645,-106.736442727,-109.589540441,-109.776162753,-109.714072957,-109.24869122,-80.6070038821,-80.6062320122,-80.6051848167,-80.6049535624,-80.6049429183,-80.6055412003,-80.6068704831,-110.549747322,-107.763102973,-108.603454637,-108.247342774
-85.4233292636,-97.9188681752,-97.9546051298,-109.792875182,-109.307645242,-108.132069398,-108.529981626,-108.020757898,-108.21770867,-108.373847033,-108.140741436,-107.529648525,-108.602819,-108.458525065,-109.081017957,-83.1004254263,-83.1000553985,-83.0987525201,-83.1022922687,-83.1010314848,-83.1015867432,-83.1025398276,-110.616116464,-110.992189901,-112.381983119,-112.766008188
-79.0899574198,-97.2869488727,-97.2908657247,-109.115607467,-110.069931202,-108.885100325,-108.395841924,-109.007346697,-107.995156274,-107.85540888,-107.645611351,-107.612414286,-108.415044755,-108.993955208,-110.854253516,-77.2710509082,-77.2710946639,-77.271300918,-77.2712747291,-77.2706706713,-77.2703510832,-77.2700810409,-110.49560795,-110.307532672,-109.450961331,-109.344064401
-91.2471725602,-95.447693548,-95.3387697699,-108.144035939,-109.440392547,-109.010130798,-108.544353066,-108.743989697,-108.645451542,-110.261522754,-110.254234774,-109.721222364,-110.057580773,-110.619879413,-110.735408249,-80.080934885,-80.0822193223,-80.0804321663,-80.0809907805,-80.0811070999,-80.0809745405,-80.0809665776,-111.046859578,-111.17104197,-113.086862967,-112.422341292
-93.1237466356,-95.1618401562,-95.2579052872,-109.89820206,-110.435444705,-109.271187398,-111.043383127,-111.259589265,-112.333017307,-111.264654335,-111.698011218,-111.103753296,-113.485499619,-113.44625418,-113.280094649,-75.6724348647,-75.6724390251,-75.672308501,-75.6721343692,-75.6720839295,-75.6718720931,-75.6716744122,-110.619309961,-109.345329123,-109.008040848,-109.149631777
-90.8356919988,-91.2272008742,-91.231491318,-114.049257228,-114.624331456,-114.029686593,-114.166920682,-114.196824532,-113.778819932,-114.03004368,-113.500843228,-112.333144383,-111.881664837,-111.749906097,-110.545211528,-81.0234584225,-81.0216601493,-81.0206630178,-81.0206898485,-81.0213927371,-81.0211940946,-81.0224253967,-108.917037454,-109.907047975,-110.239373943,-110.249354231
-108.205979064,-107.929002762,-107.539545184,-108.333653249,-108.080680196,-108.300244815,-93.4389370832,-93.4740781786,-93.1893839997,-93.2044204827,-93.1825724145,-93.1842402411,-93.1761552697,-103.690323368,-103.699534047,-109.051834979,-109.0332405,-108.595247956,-108.835138649,-110.31888725,-109.448689003,-109.282785514,-110.124964767,-108.412998899,-109.434424687,-81.6330803828
-105.00840606,-105.192190417,-109.327159237,-110.640880359,-107.185964912,-107.394248167,-95.0891806784,-95.0902222771,-94.6725988136,-94.6658129642,-94.6653062008,-94.8045432457,-94.7572221272,-103.849285261,-103.858889426,-110.105931068,-110.017536567,-109.573473382,-107.435166543,-107.476166551,-106.853247287,-105.74936695,-106.095663143,-103.50032426,-103.468144664,-90.1162981281
-110.250442163,-107.966367464,-108.282281477,-107.083646002,-106.644203833,-106.319904004,-98.1310194763,-98.0415315808,-98.0733435635,-97.9419179688,-98.0367932672,-98.2556707919,-98.3156603069,-107.745867632,-108.046139837,-108.911415283,-109.000774866,-108.579815251,-103.552366844,-103.40248565,-103.10243757,-99.9702008063,-99.9103012581,-99.197101166,-99.2428300034,-81.1299723174
-107.662494991,-108.362806507,-109.217418351,-109.115282405,-108.023828437,-109.077467192,-99.9784152631,-99.9610278342,-99.4651609865,-99.4353652695,-99.4672218521,-99.5594839445,-99.4524629704,-106.41584526,-106.654184328,-110.280545075,-110.925810999,-110.203203252,-101.664683621,-101.465850686,-101.389985608,-95.7258005432,-95.7554855673,-95.4080928989,-95.3687562064,-80.7093796761
-105.875123846,-105.277259535,-106.59971307,-107.319368848,-107.0083696,-106.907576425,-98.2725902335,-98.2513740648,-97.9584481685,-97.9084745309,-97.7659183802,-97.7877108935,-97.7253307949,-104.142120242,-103.832220094,-105.712637397,-105.24350537,-105.516247703,-103.873373916,-104.323662027,-104.363908109,-98.5906636061,-98.2484073118,-97.8095935724,-97.9475273412,-73.6663230387
-109.569752303,-109.792119973,-109.102151128,-109.02586198,-108.396800177,-106.479505112,-98.3377685531,-98.2094756851,-97.674043522,-97.6597226633,-97.6465503294,-97.676689766,-97.8781589098,-104.855720093,-105.149066021,-109.634452204,-109.968255727,-108.786264278,-109.019071324,-109.509055639,-109.529918067,-109.386801937,-108.76371577,-104.40418393,-104.493098311,-76.7177894298
-106.418926449,-105.942081038,-106.038283322,-105.583908868,-105.277349237,-104.60249079,-97.9320268457,-98.0449926694,-97.6357373409,-97.7729635876,-97.9048130692,-97.9568901335,-98.0065792088,-105.270187482,-105.314669397,-109.822401732,-110.617780885,-110.711718217,-109.017332839,-109.975471814,-109.475379025,-108.52358306,-108.041853353,-107.011058483,-106.398806455,-73.7166771426
-103.301973963,-103.285596173,-104.646802784,-105.012774957,-104.86459483,-104.658372823,-100.398831652,-100.922790077,-100.807777917,-101.199631964,-101.045932316,-101.148147376,-101.304914837,-106.725666355,-106.803021278,-106.871436295,-106.729212357,-106.770178112,-106.023232171,-106.006459078,-106.634345217,-107.291117372,-107.67302498,-102.906502359,-103.407038017,-76.9883067823
-96.6350335624,-97.1108180144,-103.051365213,-102.233767536,-102.480513936,-101.443766595,-94.4684372822,-94.4180103628,-94.4226286439,-94.4408048514,-94.6241982709,-94.3998219188,-94.2199773361,-100.239831541,-99.8948720251,-99.6397346268,-99.7461458746,-99.4459565148,-99.4280420227,-100.90037885,-100.952957622,-99.6387099599,-99.721523153,-97.9288054922,-98.1406226046,-85.3042375925
-105.789019559,-105.798260194,-106.951410766,-106.25172226,-107.237721385,-106.484488196,-100.98455697,-100.945372353,-100.976000276,-100.501639485,-100.326340696,-100.061078471,-99.8302284754,-102.606355413,-102.831044544,-101.952403769,-102.772983885,-103.371308252,-103.855470861,-104.407363081,-105.265668845,-103.206391784,-103.823017299,-103.190502683,-102.175200613,-81.8898508854
-107.70446146,-107.436498984,-108.234472538,-109.079723623,-107.641642827,-107.610205798,-99.7687608595,-99.6226552217,-99.219459867,-99.2236507476,-99.1364139013,-99.3081322102,-99.2052096818,-105.144057126,-105.070060537,-106.869392556,-107.006577546,-106.789319682,-106.779996787,-108.936633719,-108.159159997,-107.504675341,-107.093469787,-105.81443435,-106.305783472,-87.9851230179
-104.97170794,-105.027759403,-108.149248476,-106.164206708,-104.326945327,-103.963041863,-105.008269594,-105.047425874,-104.005202311,-103.904423409,-104.906290415,-107.444175488,-108.637663833,-107.878526134,-107.644417742,-110.470300045,-108.774939316,-108.69449041,-108.628459939,-108.47603068,-108.913366552,-105.007679424,-104.600020246,-104.860209289,-104.632845479,-79.7634103933
-105.764732415,-107.34939647,-110.997670945,-110.848125881,-109.893665071,-110.37603916,-103.794075786,-103.725821369,-103.589596742,-103.284029653,-103.280344394,-103.348576684,-103.360883281,-107.736727262,-109.052889138,-108.270779329,-107.779708396,-107.700073909,-107.75015415,-107.131246846,-107.590657821,-106.207176537,-107.077975384,-107.129517594,-106.752453457,-77.2169038096
-103.681303044,-103.969944515,-106.871273072,-106.256670152,-107.323532306,-106.348076385,-104.337187429,-104.222962964,-103.642894788,-104.396030773,-104.637520804,-104.551240512,-104.735591512,-106.955936618,-106.386016034,-106.690965564,-106.388904284,-106.634924677,-106.184588286,-105.933673197,-105.695972073,-105.80572919,-106.350540013,-106.004025623,-106.34703923,-78.4322376514
-105.836066944,-106.154711167,-108.358430365,-110.131432509,-109.782418198,-110.17948051,-108.789523196,-107.91520108,-104.348640189,-104.529967732,-104.560891363,-105.047966156,-104.515636962,-104.957439987,-105.150044695,-109.838499444,-109.655908349,-110.148956815,-110.110397962,-112.117867609,-112.047764879,-112.419037365,-112.954037679,-113.187911747,-112.765666851,-79.1153666367
-105.510898442,-105.178017354,-108.684655764,-108.824062853,-107.947502315,-107.408759912,-105.042033974,-105.625946791,-103.544423132,-103.431796364,-103.418528098,-103.651412925,-103.622387243,-105.195796597,-105.42403092,-110.119957477,-109.994722761,-109.893743382,-109.595634229,-108.319951066,-108.279675651,-105.406458777,-105.151935992,-103.01241494,-102.887756454,-76.8769059657
-104.978838057,-106.98722071,-106.810631622,-107.984517882,-107.720012056,-108.171147722,-108.340529125,-110.699580529,-110.288578116,-110.693716594,-110.291343197,-111.105207118,-111.344548613,-80.3683473068,-80.3100745,-80.3100567365,-80.3092415223,-80.2955452969,-80.2950042211,-80.2937608156,-97.7891417388,-103.544115294,-103.499581383,-101.109386378,-103.512690393,-103.265756386
-108.103096109,-108.132754433,-107.293776772,-108.241331842,-106.567317528,-107.739327938,-107.411601696,-107.078740912,-107.041723207,-108.911726956,-107.254210922,-109.264137581,-108.751230729,-80.9933535683,-80.7571275769,-80.7565457386,-80.7453629554,-80.7346784574,-80.7309949057,-80.7310280457,-92.9127570029,-101.833673045,-101.786754214,-99.2352581974,-100.290085275,-100.619045098
-107.721210279,-107.412051904,-104.546975334,-104.97213498,-105.448596347,-106.277874747,-106.352833424,-105.273734924,-104.974970566,-108.328469117,-108.127132858,-108.038359968,-106.537635809,-98.4084149153,-89.4530074936,-89.4613376327,-89.2814136805,-89.2686064515,-89.2655039478,-89.2802258252,-89.7326152215,-101.666049737,-101.710755279,-107.033668661,-107.802031777,-108.094040728
-104.951916588,-105.323017606,-105.685023339,-107.884371753,-107.995007725,-108.180195467,-109.853453357,-107.021456359,-107.490483057,-107.194898055,-106.717767548,-105.817832966,-105.678445158,-73.2140994255,-73.1848168975,-73.1848696717,-73.1848118328,-73.1820834616,-73.18254048,-73.1823707095,-93.8627402119,-101.204571461,-101.124158818,-97.6006795431,-98.4975346144,-98.4721708623
-105.671001809,-105.369041481,-105.681782021,-107.522654538,-108.070260017,-110.49651931,-109.666084858,-107.778138781,-107.745533217,-108.227834895,-107.891182651,-107.730387662,-107.492275708,-80.5683859753,-80.5079124392,-80.5087902107,-80.5077304544,-80.5015094271,-80.5007999443,-80.5003812435,-95.9751744153,-99.0513315767,-99.0950494582,-99.1808450939,-99.7796617169,-99.7133808428
-104.37624492,-104.381159301,-104.337633191,-105.766459694,-105.667305535,-106.613454169,-108.916622457,-108.471698596,-107.867296642,-109.588122488,-109.696907049,-109.854063468,-110.148771811,-81.6712062801,-81.6499719801,-81.6503635476,-81.6485401397,-81.6444669868,-81.6446178226,-81.6415663161,-100.111708423,-101.775761993,-101.808054789,-99.4681136707,-99.6957919323,-99.624302417
-104.094353762,-104.572061109,-102.834638513,-102.798506674,-102.492197388,-104.22780891,-105.076436589,-104.361608899,-104.45147357,-107.541590112,-107.059620152,-108.024044248,-108.377961981,-81.436716088,-81.4021168066,-81.4010592883,-81.3996102259,-81.4003572571,-81.4009014394,-81.3973704658,-99.8855354467,-103.874657549,-103.983142881,-102.516195705,-102.575084957,-102.559855219
-104.245943134,-104.248062063,-103.559239669,-103.475722669,-103.267452732,-104.664093183,-108.423527636,-108.146057911,-107.613524832,-109.825544108,-110.304935987,-111.35050425,-110.663792294,-85.0704393331,-85.029199774,-85.0320286184,-85.0321269962,-85.0013954096,-85.0016478964,-85.0026123165,-101.092579895,-103.297712505,-103.229524857,-99.5130571342,-100.528769281,-100.405432612
-103.376936979,-103.897328122,-103.940134637,-104.22805974,-104.392034809,-104.123855831,-109.053392273,-108.681271632,-109.750877973,-108.698543712,-108.615995333,-108.858323656,-109.758112612,-85.0676623635,-84.8932104662,-84.8877157484,-84.842662188,-84.8368900753,-84.8380975546,-84.8360065291,-96.9894568302,-101.459376265,-101.483280056,-102.356172456,-102.789809612,-102.524409889
-107.422100006,-107.108136687,-106.344180707,-106.986646703,-106.331934502,-107.571570144,-107.413602736,-108.439620008,-108.297003454,-109.900744464,-108.943359607,-108.281417754,-108.599722767,-80.3653751905,-80.3021644876,-80.3006748291,-80.2940331712,-80.2895680789,-80.2919372519,-80.2903726807,-97.4158443492,-103.209975052,-103.724675381,-102.338116502,-103.372618526,-103.420512471
-106.87537869,-106.872030813,-104.982703832,-105.629266002,-106.045219859,-106.066283592,-107.170119843,-107.425467959,-107.703293821,-111.650214448,-111.148632218,-109.99030295,-109.207918504,-79.4116854895,-79.2828433788,-79.2829957931,-79.2752992267,-79.2743214218,-79.2748322813,-79.2763443794,-93.6801152035,-100.732034801,-100.67231549,-101.486234742,-101.74514232,-101.658953799
-106.029412282,-105.540785555,-104.588186156,-104.4086452,-104.792261767,-106.306454504,-106.211564131,-104.945711014,-105.453529659,-107.067482158,-107.304646018,-107.614210864,-106.884989933,-79.0549250014,-78.9918879186,-78.9909566546,-78.9864673581,-78.9837478479,-78.9829830319,-78.9835831348,-95.7722028458,-101.456670722,-101.422674249,-98.3707366969,-98.6242642503,-98.6842932205
-107.422343814,-107.518240448,-107.564870438,-108.025062857,-108.097884652,-108.051699957,-108.550657889,-110.081553215,-110.181203969,-110.280490666,-110.099893608,-110.137049553,-110.406615628,-88.9325859901,-88.4991057156,-88.4996761223,-88.4714875887,-88.4555551738,-88.4541604061,-88.4625840875,-97.8050741678,-105.071586299,-105.152458753,-106.28092318,-107.341354042,-107.476342787
-106.166846534,-105.98596463,-107.340229456,-107.389368242,-108.295428471,-108.609128487,-107.436985398,-107.677816994,-108.169955282,-108.467941559,-107.861367227,-107.87656086,-106.881562319,-80.7771681896,-80.7764918775,-80.7765940058,-80.7758421999,-80.7757882647,-80.7743167149,-80.7757527605,-101.381763931,-101.837180752,-101.849412856,-100.243508982,-100.236538611,-100.199887895
-112.817412247,-112.17329834,-109.12475693,-108.814039876,-108.799840365,-109.790155891,-109.453091088,-106.789723357,-107.018635337,-108.871030438,-109.117953775,-109.041220963,-108.586553609,-98.6352555455,-98.77704152,-98.7771662239,-98.7023887849,-98.5956120004,-98.5464714253,-98.5673135118,-104.174885783,-104.76644124,-104.594170844,-104.010168381,-104.46279355,-104.576937445
-106.120207314,-106.144953006,-106.42062559,-108.484279349,-107.907393008,-108.817038599,-109.59783873,-110.458739946,-110.239559319,-110.755870013,-110.298723561,-110.477863175,-108.664841005,-85.4176248239,-85.4136890435,-85.4140800593,-85.3975177728,-85.3966247631,-85.3966282957,-85.4078267506,-103.436919988,-103.681410288,-103.689719226,-104.888058138,-105.12731949,-105.300791163
