-102.587760434,-101.473401957,-100.784606629,-100.539807129,-101.202568213,-101.592203903,-98.5446635611,-101.368198117,-102.786037094,-100.186593258,-100.159957626,-100.7731386,-99.7948435375,-100.39547001,-99.8761576791,-100.198125475,-95.7819084132,-97.4582320335,-86.7229343795,-94.4541073307,-94.0285273667,-90.5121964711,-95.656022891,-95.3039829933,-96.8567753305,-93.9148420646,-89.658527913,-89.8546455204,-91.9059017327,-89.4872074296,-88.679486439,-90.5022396188,-89.8070689081,-90.7358748977,-90.2762558494,-96.2571502918,-92.178164124,-92.1526654159,-92.5549170003,-91.9001100708,-91.1794348012,-91.3412719439,-86.3783445125,-84.1835392302,-98.693556055,-88.0314316599,-93.4860730364,-92.9330870514,-71.7216056309,-67.6157283834,-74.198148469,-76.5492268645,-85.1823441619,-73.688472542,-72.7316786171,-85.0690809281,-70.2955376242,-67.5903666719,-66.3905033723,-72.8684178092,-76.2276622153,-70.3417416701,-73.1300513096,-71.6068456094,-74.5919162627,-76.9218829384,-76.6275378547,-75.2053117365,-69.1108435959,-72.9492872959,-67.557730955,-70.772738104,-71.674552134,-69.9784386856,-65.0689062003,-68.3160406846,-92.2722414118,-70.860521955,-71.6329534859,-68.2687886495,-68.2628302039,-68.0138299534,-70.3338105825,-65.5399092028,-70.2452210144,-67.8354414736,-71.5762503121,-69.6702342983,-70.0317557149,-69.2330529674,-70.4110624299,-71.5814206298,-63.0974548394,-63.3759079647,-59.1257843133,-64.7638545748,-67.2636545102,-58.3120651739,-57.9384236371,-58.4896390679,-58.1596947233,-58.0015974241,-57.1138074102,-59.7643545189,-58.7414433511,-85.6751497128,-83.5815422512,-84.4047004923,-92.5167336502,-84.8045208661,-84.6124393753,-83.8919903171,-80.2194779757,-80.389417353,-85.459968781,-85.336966783,-84.0378681503,-89.4224642911,-90.2675867834,-87.7769879421,-90.5007331038,-86.0240933063,-87.2287504225,-90.6320891286,-87.5584337405,-86.8238864907,-91.6427297207,-90.1616364272,-89.6146553342,-93.877922427,-91.9229271575,-90.8845327205,-92.9099486092,-94.462051567,-91.1078071346,-93.6883574855,-94.129797334,-100.50722648,-101.364765745,-101.615679664,-101.236565028,-104.013001956,-103.887816593,-102.62924836,-103.954721875,-101.661681703,-102.937457477,-101.582787324,-101.367322785,-104.075094365,-102.054176302,-100.767550653,-102.859292112,-106.146856419,-106.538393044,-106.508951429,-107.2021156,-106.804426101,-107.554385712,-105.756270911,-104.769537647,-102.599398536,-102.826948534,-98.490431661,-99.5641583726,-96.9731942667,-94.7543593806,-100.023958348,-100.202147215,-102.04648019,-102.239337201,-101.609617205,-105.36839388,-102.168874195,-101.106342163,-101.683497112,-99.7471397613,-100.681972539,-97.474653853,-98.5087354623,-95.8887901779,-96.3168139823,-95.7214307263,-97.55409061,-96.9970967577,-93.3165454557,-98.4199319793,-98.5328234648,-99.8666742263,-100.291784438,-94.8610870694,-96.4419310831,-94.3568415491,-95.9035054258,-93.1037357618,-92.749405098,-97.9836209074,-93.6033280523,-98.1704557076,-95.3449955387,-93.522954794,-91.9462517849,-97.545416463,-96.0620348486,-98.7127442913,-101.774223226,-97.3946589296,-97.6913990545,-99.8835021044,-98.6893986263,-97.8291591401,-101.803421429,-101.004734132,-102.489642062,-104.22925675,-104.541041715,-105.802454155
-103.98109327,-102.786356474,-104.980641105,-99.4669775271,-102.099911165,-99.2332116479,-100.262363012,-97.2981690625,-96.3616365539,-97.3905636498,-100.150819145,-96.5794209842,-99.2827159462,-97.7818588272,-103.30855744,-98.9476789606,-72.3584005466,-83.4831078014,-65.9197928358,-66.1354103096,-67.8527028809,-69.6388656121,-72.7835419814,-79.7771800624,-76.2264274325,-69.9115021064,-87.0107452822,-77.071340528,-65.371083291,-67.0805646246,-67.3324916963,-74.9696581589,-71.8333200828,-75.8180061693,-74.7619844492,-68.1414284884,-73.8291834599,-63.56729133,-71.3177520968,-62.8795638852,-66.7361327926,-63.963820887,-67.9504159612,-64.0582358792,-71.1061481213,-70.8463599576,-71.989344685,-70.5408704577,-78.3538652326,-69.9716219753,-70.2981552702,-73.2422468503,-72.7245396164,-70.9545065816,-66.9857529482,-63.7603002377,-69.3414480415,-71.5217342237,-67.2187411619,-66.4053919513,-69.2104747568,-64.5977986471,-64.0945078105,-67.2797069403,-68.2263470898,-64.9163772764,-70.8742248534,-68.1153026461,-64.4028468178,-68.9186437781,-62.7244734057,-69.2694061323,-72.2896486256,-81.9618490069,-80.9917304766,-68.135476805,-67.8043812991,-69.4905409236,-84.0218133991,-68.1727559079,-67.5972082791,-73.3029841028,-69.4729275843,-76.8401121905,-68.1941520131,-72.7873311595,-68.4488901501,-80.1471449605,-66.5117932882,-79.5058325661,-81.6967881554,-82.4718244679,-80.2097943134,-75.7963740261,-79.0150899945,-76.5636350254,-75.9989563321,-79.1161153836,-75.6688885162,-74.0356525404,-76.1387818941,-77.3522045665,-75.8164644374,-75.3385799753,-75.3655903869,-76.7490615375,-73.9491490855,-74.6674733244,-76.2173172168,-76.4399146984,-76.5463853585,-76.8107887938,-78.8154766033,-79.3035516642,-81.7628501841,-83.3177869702,-84.4851621035,-86.9859614503,-83.061081649,-85.0178157012,-82.4843698909,-80.2319066606,-82.8927427975,-82.512758012,-79.6960647467,-86.0990295022,-84.2496775357,-83.2628480189,-88.1473515398,-83.7133366414,-76.1300455091,-82.3281943336,-90.4469966406,-84.7017579487,-84.1167001206,-84.2532283745,-87.5104002029,-101.290221434,-89.3880160214,-96.9531823355,-89.2430209933,-90.084078799,-97.3762898607,-89.7805391094,-96.2507298556,-98.1877784213,-93.6042586843,-88.9457870948,-83.9709253704,-85.9264227064,-94.9571688697,-94.1302058749,-94.81101358,-95.8764558627,-98.1380541704,-101.108430985,-101.287223892,-101.352553093,-100.558643287,-101.397314247,-100.131536828,-98.863497925,-99.1573924648,-94.3256470927,-98.6065547233,-98.6436678005,-98.3388763207,-94.948919731,-94.114773632,-94.9804567211,-91.1178489767,-95.9812189962,-95.8790091087,-96.446930507,-92.8541217205,-97.5751261045,-95.8329311558,-92.9568195442,-93.7790475014,-90.6386129505,-89.3882746432,-88.7630147405,-90.0390323363,-89.4654935495,-95.8382668622,-90.9011489696,-96.9375439236,-97.0121124883,-98.9655125266,-98.0603846902,-97.2908561205,-95.8056785565,-91.1030163671,-93.1892308796,-94.1695901448,-89.4985989229,-96.4760608218,-92.9041272458,-92.6202792613,-100.607752223,-98.3464464217,-98.957463196,-101.739780558,-98.7012527365,-96.6338467378,-97.9045201959,-100.723574019,-99.4674926849,-97.3867123778,-97.783473654,-97.0507180465,-95.2636752086,-99.8954033965,-103.855419276,-106.141174702,-101.342691233,-102.951272581
-105.664802877,-105.368972084,-103.972265676,-104.026101479,-99.6244793227,-101.375351284,-99.0963939355,-101.760462991,-101.608286263,-99.3541482684,-100.121987858,-97.7552276975,-100.308299302,-101.040675176,-100.261092378,-100.596726796,-92.8851868728,-94.1835938313,-91.2748999381,-90.9916492064,-92.1634004864,-84.5775675131,-90.4444201335,-81.4756746319,-94.7495305274,-86.9988585802,-85.3590010313,-86.3606820274,-89.2712193146,-92.0191830982,-94.6053761797,-89.3626775431,-89.0249639959,-91.4547787164,-88.7687040059,-87.6961137336,-91.4603321648,-84.8647185551,-86.7258668206,-86.8425140227,-85.7007283341,-92.2571574493,-86.8130712849,-87.4102606358,-98.8040541927,-85.9254558301,-84.5693362037,-83.751928576,-84.5776129166,-86.2294523885,-87.5336885221,-83.5542725777,-88.3576099716,-86.1429750816,-86.9525951273,-89.6171462279,-87.0318837621,-90.8754500518,-80.2402249282,-87.1616589285,-91.5562704002,-78.5695586384,-85.8578438238,-88.9634477627,-90.2794358676,-94.2873447101,-83.5822052302,-82.9431539767,-87.504070865,-83.2200794542,-87.8177923842,-82.8843129399,-82.9519503872,-90.6629678333,-85.6644144134,-86.8910830788,-98.8334251473,-87.439739238,-92.7221589492,-86.5697282789,-80.1539085345,-78.157274764,-78.0169810963,-84.770544834,-83.2993993451,-78.8161532904,-83.7503289923,-85.0880306827,-83.9567600097,-86.2144356948,-87.9331084604,-82.466944911,-86.6379503245,-83.9778887444,-86.508266555,-86.398778503,-83.0370775263,-87.7146368219,-87.6953261004,-83.1857943331,-86.387891022,-84.6556621991,-84.8740990806,-89.6653005719,-82.9167164363,-92.5166197696,-96.2118307308,-92.7244564601,-96.0810973591,-97.1615426992,-97.0051399737,-95.1122279307,-94.0582980122,-95.0186614729,-92.5317537136,-98.0569057284,-97.2291345748,-94.062771297,-96.3171867377,-94.1234236277,-95.2262430194,-95.4649076683,-94.9519881822,-96.1172538536,-93.4515349592,-96.260423798,-95.9336562725,-94.4957972234,-96.0185249439,-95.9717842906,-96.231721462,-92.6586168793,-98.7245151277,-95.1572174282,-96.7052681251,-92.4784618463,-91.8990335398,-90.4688546917,-94.4572225269,-97.171281124,-89.5667956225,-101.641682691,-102.439825854,-98.857582734,-83.6080982028,-84.3922720171,-88.0811323714,-82.828126252,-82.1757789764,-87.1967206399,-86.4056487139,-88.7699378192,-85.3290513943,-82.9145889617,-86.124125863,-78.9381651781,-85.1390037245,-93.7426731222,-87.182022755,-87.2455395949,-88.1423252744,-80.5916137167,-86.2204428148,-77.0225559558,-80.8925198809,-83.5174504665,-83.3878335822,-81.4948863955,-77.3552612193,-75.3022766252,-71.1965617564,-72.927438976,-81.1939376515,-72.7666832959,-77.481494105,-75.3781510524,-77.4267132403,-76.4918197507,-90.5118650438,-79.0853851716,-73.1076312641,-76.884967485,-70.9049740964,-71.5266203121,-72.3957930544,-71.7755749348,-76.7046032225,-74.2296900127,-75.5961942914,-71.1562120615,-79.3902275325,-76.8845749888,-77.4833222013,-73.6082204872,-78.3541315147,-73.3861373468,-74.0832605133,-77.1278829755,-74.4195752213,-76.9607364179,-72.371820041,-93.491781566,-96.2586078203,-94.2780403228,-95.4596569529,-95.9525457572,-100.962253206,-91.3037137111,-100.82036036,-92.3138683815,-96.6833664242,-97.858850209,-96.0244391879,-101.356338383,-101.310588957,-96.2548020039,-99.335487345
-84.9693097561,-87.2625173607,-84.914861617,-81.4616188181,-87.3193250674,-84.9641969873,-83.0581571834,-84.90456163,-84.9345714884,-84.9571406968,-84.9739566644,-84.9081879862,-87.4195699053,-84.8700513512,-83.0406937552,-83.0227133991,-85.4123409655,-85.3059459146,-83.9958348891,-84.1851724912,-85.6808426452,-82.9656152109,-84.3852793436,-82.9909005049,-80.9415336882,-83.0413144124,-84.3304746115,-79.2106012396,-92.8407168383,-80.0087744685,-80.8501552635,-81.9258141878,-71.8302519883,-68.0669252198,-73.82388421,-80.5371246707,-66.8924729744,-74.482049164,-76.5690377652,-66.9357680439,-70.0977789762,-71.4533013762,-68.0273157039,-75.3258620453,-69.5037533559,-64.0622295547,-70.8303849316,-71.0215828179,-66.5073512524,-72.8559005129,-69.3039603,-61.8501891282,-71.3270621022,-66.5620813682,-60.6137933334,-71.6942244403,-63.6283285048,-68.3000565699,-66.1194361439,-72.1349330609,-98.2660032591,-70.3952698263,-68.3007239875,-73.1603595844,-80.382230625,-70.8840763396,-82.8706297717,-80.2056733366,-74.3622892017,-72.4615561803,-85.6507609445,-74.3743125416,-76.8839783875,-73.0600259334,-73.1269178902,-64.7805759645,-75.375834148,-67.1382161091,-67.6983686305,-65.199278568,-75.3946054634,-72.3994254614,-70.1390394295,-67.8340429469,-67.8281409888,-68.9091418412,-73.2648919386,-83.720487259,-74.1918282564,-90.2174679301,-91.1856593508,-91.1111633037,-92.7483536581,-87.0981265304,-83.5016154879,-82.6015853884,-82.101734587,-80.5160235959,-81.4920212544,-79.9970983619,-83.1844208545,-85.774625743,-81.5322673685,-81.8383715581,-80.2724127928,-76.6598301469,-76.020034417,-79.6105021525,-78.8142726089,-76.8851657379,-77.7043686438,-79.8838839479,-82.7170089828,-84.1259085188,-89.0598259929,-88.8423700201,-89.6771495192,-88.8538034295,-87.8915637773,-88.6020868878,-88.747679239,-98.7457948354,-97.130180256,-98.0848840976,-101.141968053,-100.258029298,-101.672614186,-104.192679233,-101.873086877,-100.487495286,-100.464698122,-100.715150509,-103.465959834,-102.808895388,-104.371225459,-104.158478336,-95.3723721882,-104.380733749,-102.280485327,-104.284454097,-106.791979368,-106.318363944,-106.716399093,-106.203366446,-97.4756546142,-96.420042458,-96.5126489862,-94.4262387693,-96.7996862062,-95.9406673985,-96.8200929985,-97.0061371519,-95.7024764425,-96.0369298649,-94.8411641224,-96.088489412,-93.9629332163,-96.009481362,-94.8416457885,-94.7574286265,-95.0616835919,-94.6476754503,-90.1648759994,-85.3009236396,-88.3882458197,-87.5628085687,-85.9525605315,-76.743406825,-80.8809599534,-78.6807417815,-78.7900130251,-75.2928729811,-106.58260976,-75.30835177,-75.0060939891,-79.552069031,-79.1267935179,-76.3354964121,-79.3574834558,-84.0196374236,-83.1034023766,-76.8501105185,-74.0207379677,-75.9085275411,-71.7704926512,-69.6401052281,-78.2916324524,-72.5739563395,-70.5027041184,-78.2248961603,-83.422631884,-72.9841740639,-82.713232018,-84.4615944913,-91.0816316546,-75.952388922,-71.3011896042,-80.3830701589,-67.8558447682,-72.9954565576,-76.1565335746,-106.87209141,-109.832201783,-109.010457779,-107.946608558,-105.712986873,-102.909262276,-105.328098873,-110.995275926,-101.700979536,-109.463557589,-100.133758378,-99.1320504925,-104.860344686,-102.18268731,-97.8275158899,-107.124146772
-100.22305516,-99.6518242991,-101.843772302,-100.554296465,-99.8506782029,-98.510941739,-99.5263698876,-99.8374801737,-98.5228851932,-101.879056764,-100.137697546,-100.659117912,-99.9527268046,-98.4398704192,-99.1380393244,-101.12612931,-101.143920338,-98.0546251212,-101.661750672,-99.5191158801,-101.553727292,-100.759934046,-102.423958245,-102.665271353,-100.515130618,-101.650319552,-99.7933578388,-101.502141125,-107.729127106,-100.753153456,-98.5028802548,-100.232504161,-66.9207749428,-63.7275655043,-73.9535605841,-65.1779286482,-62.8796724183,-64.6656353674,-66.2958089565,-65.7211520047,-70.4342906491,-66.6040569188,-62.1064983651,-60.7379280992,-81.9455908736,-61.9243465994,-66.6051721283,-67.5772866628,-73.5121854145,-68.6939475092,-72.0298783533,-69.654677782,-70.3351797386,-72.6295713974,-69.6428855359,-77.2781557429,-70.9701546882,-79.4826782234,-72.35875082,-71.6878820891,-84.6179585806,-73.0786151329,-76.5375144435,-73.7838223859,-74.0204609793,-74.1894840589,-77.033020042,-74.3449718138,-74.7874590886,-72.9969124871,-65.6898968288,-80.0035761555,-79.4982151292,-79.2948361309,-73.0724361312,-67.8892107296,-80.3225063858,-71.1002134554,-76.9529519889,-70.5452259297,-72.0613833856,-68.6900081973,-66.6078238424,-72.1303073325,-70.8601268596,-73.6290400794,-68.8571199878,-72.5248768504,-69.0411324076,-65.9493128667,-77.2841015854,-67.7349426833,-63.7952377992,-66.8055679943,-66.7578838262,-67.3100922004,-66.0441656464,-70.7152458546,-67.6117503776,-62.5264068133,-68.5140427255,-70.6893392221,-67.2055398787,-70.1241968615,-69.0332633395,-85.0950258828,-87.6480857142,-90.7161884815,-97.8998622018,-91.2842074343,-92.9133275664,-90.3187996794,-86.7534169704,-85.8306820885,-91.5272703368,-87.0790887966,-91.2216540703,-91.6097209304,-88.9064920746,-95.4163796463,-92.6001428516,-90.5643365335,-90.6292219603,-92.2416623099,-92.3975183422,-94.2337621452,-93.2585701704,-88.2172258557,-92.8059563615,-90.5544070303,-91.5374802833,-94.5816989017,-94.333830582,-88.5951571319,-96.6695316605,-97.047584224,-96.8044742506,-101.7198532,-104.812208788,-102.650099151,-103.237021901,-101.743087571,-100.306765506,-101.823507757,-102.475732973,-102.441359355,-102.843310496,-102.065334331,-100.808290701,-99.6795205418,-98.5503731949,-100.23462014,-99.9642021015,-100.592774234,-98.5006164829,-99.1124666086,-96.9435817274,-92.1723643569,-92.8356604904,-91.803609976,-83.2803618459,-88.8012498523,-82.1784046703,-88.9975965261,-91.6690479484,-84.4156998588,-80.920369065,-78.1274303147,-79.7845055377,-104.013855115,-104.038139689,-102.608071738,-105.732319518,-104.696846969,-104.724788505,-103.778839664,-104.033701368,-102.121474729,-101.362483409,-98.0850284484,-99.0856068883,-99.1550922181,-98.6633873988,-98.5954008498,-97.5253224956,-96.2524065054,-98.0322797337,-102.324659602,-101.059114586,-101.90160554,-98.8757924449,-99.3843050541,-97.3482397946,-92.2136363542,-94.8934507414,-93.9890471296,-94.3308059424,-89.4051282047,-95.9255201328,-93.3253335399,-91.3074105254,-96.160190448,-101.31824355,-99.6308409206,-98.4964103251,-102.733408226,-100.330620208,-102.024190608,-106.991192789,-101.483531875,-105.989031118,-100.051832017,-100.181810714,-101.781515942,-104.815457909,-107.538132607,-108.020601309
-103.0785038,-100.688927981,-102.667146791,-100.04419556,-101.050518512,-103.169081207,-102.8272948,-99.2209876081,-104.795216112,-101.682395242,-102.725905431,-104.938080952,-105.611500875,-102.783149179,-103.756228119,-101.770459587,-73.0590451788,-74.9471211708,-67.9644178136,-70.1044224452,-65.8269177112,-60.8157426893,-83.4347356819,-73.0249551654,-66.2225950134,-63.8239616604,-78.8791429987,-83.4093466128,-66.5370335611,-67.9645773857,-69.5410039887,-66.6253778465,-67.4780192416,-68.9875800241,-70.1352716226,-65.4648890646,-74.9971787655,-70.0949110003,-68.9865859519,-75.9024394361,-73.8283917548,-67.4682957489,-80.7292337881,-66.2091346381,-98.2358575544,-71.4418140089,-85.7975988014,-70.1317632581,-73.4411557278,-67.7645716316,-75.7883376015,-69.9012720537,-79.7356665325,-72.4560922825,-70.5366038944,-73.4662151442,-69.0923623954,-70.7014025546,-67.4583276426,-72.2085683413,-72.5111344755,-69.7037416934,-69.0090019304,-68.1035996616,-70.5230556248,-71.9540835122,-71.8026016914,-73.4648911551,-67.3382733625,-73.5238144654,-65.9969630098,-71.6537758903,-69.6678338122,-73.6651454821,-72.0613486349,-77.9298422586,-95.634097208,-78.0529857587,-78.1453391306,-67.7081298567,-77.4057911155,-73.8879573577,-77.3422247351,-77.3996977946,-79.86847675,-75.4692356603,-67.891479803,-83.0987583563,-65.9514155999,-64.3704563082,-77.3592072218,-64.8668508203,-67.6946189625,-69.4238468781,-79.2557212242,-61.1615098186,-69.101901202,-60.8965110352,-65.5836590639,-73.7650377859,-70.6698954934,-59.84318308,-64.6967574438,-64.2718887018,-61.7593951446,-88.0058091642,-92.5245289227,-94.5880540899,-97.3834380406,-91.3726601478,-92.9586492734,-88.2226185127,-89.051051493,-92.7372285647,-94.1853332537,-93.7910186942,-91.215894749,-94.2392935373,-90.7427769382,-91.8893665562,-95.6959683735,-101.532189158,-93.347200272,-90.5032234912,-89.3791051235,-92.5774968774,-94.9994440961,-100.150294271,-99.6186478933,-91.0764694552,-94.8826556623,-90.1932380976,-95.4403193784,-98.8607016809,-100.870986042,-102.592104492,-92.8615122143,-101.333616174,-104.382527661,-106.296878654,-104.229769283,-102.032861269,-103.709139121,-102.957768457,-105.519814706,-105.920488857,-101.221448574,-104.977525876,-99.5157907989,-103.81908735,-98.7318938061,-104.382155262,-103.214915059,-105.536671735,-105.431236541,-102.013382901,-105.236883434,-103.680929291,-98.4003473637,-96.8519184037,-100.017331874,-98.3735624286,-99.6612077903,-99.4260646311,-101.118353102,-99.8659825117,-98.5234745718,-100.64146815,-100.104947605,-100.519489399,-103.160739988,-103.506478918,-102.953365609,-103.453028102,-102.444665555,-101.529052537,-102.523834806,-103.025944108,-103.628255762,-102.204177548,-99.9387762062,-101.453941474,-99.5197003422,-100.892549256,-101.256388241,-97.0482346257,-100.729100568,-101.144974049,-103.318928683,-101.043814458,-100.763636456,-101.26622665,-96.8904408811,-98.7393938129,-99.0465232136,-97.2366026586,-98.0902382295,-100.378015319,-98.6208045184,-100.430095845,-101.3957144,-96.6399395686,-98.2430402054,-98.0269972278,-101.857280804,-102.670683075,-99.3163780809,-98.6566871135,-100.02872542,-102.932051145,-103.086183578,-99.2227165738,-94.0523285972,-95.3806809058,-101.334614262,-85.3556968587,-101.28856474
-78.2848052007,-76.9005850339,-77.6609255818,-77.0992523966,-79.1739924589,-77.1543566239,-76.1782429106,-77.9146378225,-77.1675150102,-76.1402914735,-76.725270291,-77.519385507,-75.8864024432,-76.4307876387,-77.5026961571,-76.3576739604,-78.8990845403,-78.8897572773,-78.960889344,-78.8294536894,-79.2714886013,-78.1150383674,-78.0071129489,-78.4794032952,-78.0823716008,-78.7301510054,-78.9421939001,-76.7164579429,-88.0601487058,-77.3101646121,-77.6334106357,-76.5615533667,-71.9264157312,-68.6125447279,-69.4969766039,-74.0859147718,-67.7061986579,-69.6189003398,-70.8858361562,-68.0908507425,-70.3893214231,-71.4194447933,-68.7838738567,-68.4138422077,-65.1293151609,-65.3953231345,-67.7956574269,-63.2799637032,-65.5674609578,-66.8608579241,-63.8435190451,-61.0973235036,-64.6390109334,-60.4009541841,-61.4894747948,-63.7379596827,-59.3074949873,-69.7899514977,-69.0863834774,-71.7056978633,-105.186246883,-68.5492147827,-64.9994590255,-72.9174094942,-71.3704245375,-79.4798234144,-61.3155627433,-70.3500811347,-68.9860568058,-63.4716469555,-62.0841234476,-69.5277441174,-66.7974956779,-72.1999956098,-70.2679103616,-69.5042229524,-61.6174750489,-66.48090116,-68.0617091002,-68.6427285868,-72.6654197524,-71.2856545372,-68.0089216426,-67.0014870279,-72.2378243496,-73.5305792443,-72.5143972041,-74.3609874218,-68.8543702931,-86.6868762866,-90.2502440074,-88.1760701094,-101.162188446,-90.8499428335,-91.4472399585,-92.1934214076,-89.1482496308,-89.6852318965,-85.7158936204,-85.9265789754,-91.0151678362,-89.2307304179,-92.64944167,-88.9340853259,-86.0474589489,-89.5630800014,-90.3820818181,-88.6164924047,-90.817843761,-91.5283672867,-90.0926803562,-90.2259654861,-93.0540924967,-92.7842816725,-92.3563250165,-93.0971842952,-91.2259855111,-92.4054151718,-95.5640148064,-89.3564741973,-94.2886533207,-98.6327725189,-96.7264093487,-95.6873050689,-98.4691459049,-96.8818176318,-98.535596698,-97.459495911,-93.1453892045,-99.0860578433,-101.468485758,-98.5217325142,-99.3829592612,-97.2911162419,-98.7417125435,-92.0120722322,-93.7195751514,-94.7167844543,-92.8393678309,-93.3215846274,-94.1112356766,-91.4743548377,-89.85235374,-102.747796202,-98.8776001201,-94.0716620326,-98.1235649839,-92.6828031712,-104.526879334,-93.1258991202,-96.7648334233,-89.0007197189,-86.3247019995,-108.255477169,-109.870657405,-107.708259886,-109.658034461,-108.068945584,-110.610081447,-109.271057658,-108.781973509,-107.459401886,-106.224553635,-105.704307707,-104.134144487,-104.014723407,-103.399453983,-104.45877069,-104.800989145,-104.278100631,-104.557531562,-104.529823398,-100.780689156,-98.529158309,-101.130961972,-101.614933861,-102.244586682,-102.937175345,-101.763843298,-100.961457285,-99.4348532496,-99.0202575158,-100.828615988,-102.467325044,-102.01268624,-101.977672507,-102.280505173,-102.966658646,-104.924022065,-103.044527015,-103.722367521,-103.41884915,-101.317627199,-100.345658043,-101.941943062,-99.136817263,-102.26757911,-102.509408109,-102.401146337,-105.541754026,-102.78397603,-104.857962673,-101.879404835,-103.346242766,-103.274458675,-104.308614028,-101.42362813,-101.429002603,-104.292632681,-103.289259408,-99.5232470305,-102.450697536,-101.445718377,-97.1514400739,-98.9982322379,-108.208818149,-108.473779227
-81.7931536775,-82.6189873055,-79.7288719472,-81.796210103,-83.4973401979,-79.7234476391,-81.8006850792,-81.0592189485,-79.0996734864,-79.7182845243,-78.5602778849,-80.3586260951,-79.722211007,-79.6975486907,-78.5711515407,-78.5518981917,-81.0088810882,-81.570914704,-80.6467676305,-79.8149695981,-81.3596519523,-81.7015351613,-79.0008506095,-80.6696150635,-78.3070173574,-77.7591512764,-79.1858993112,-79.2278207825,-86.1767062245,-80.1335076403,-80.5969385036,-80.0039588195,-78.6703150508,-78.9788097757,-77.9004551768,-77.4723240711,-78.0356062782,-78.300501561,-79.8391853397,-79.7673216299,-83.8634142733,-72.580679132,-76.9387314455,-80.8995400265,-66.2780461009,-72.2502187779,-67.5335415738,-70.3422604063,-72.4850682952,-63.5262040161,-64.4626417531,-69.0188724567,-64.2836140982,-61.1274595807,-65.7566311686,-61.1768403003,-61.7487580615,-98.258667082,-96.7295249859,-99.9011089422,-99.8716897902,-98.0888677995,-99.5493026836,-98.8503639573,-98.8939426791,-97.8947064716,-98.5161894225,-99.1901480444,-95.3650124848,-99.2729089409,-99.610454329,-99.3529673398,-100.939871779,-107.608449668,-101.422399236,-103.866716801,-115.080062925,-96.4453595557,-103.866716801,-110.802466526,-75.7038255459,-77.2003114278,-74.8122042775,-73.4308192879,-73.307975282,-79.9711898227,-82.8156789748,-80.9051325619,-86.3337181326,-91.6591488356,-82.0985962894,-88.2477925904,-84.320199625,-103.785614262,-82.0872810361,-97.4568116269,-88.2096744567,-92.3974550063,-96.8287589759,-88.4960916128,-93.7919919578,-93.8959247192,-97.4138640177,-94.3535301742,-92.2140566859,-97.8897763864,-93.1396542852,-96.8682263798,-99.1734055813,-97.1581796913,-96.1203283617,-93.4824264398,-82.9765752757,-83.2616705486,-83.5977851827,-89.5460179784,-91.431256203,-89.487658187,-92.8152355963,-93.4575395932,-91.777775536,-92.2239025594,-93.7514180923,-91.2397401264,-91.4322169301,-91.7316311802,-97.1959865422,-99.2137571801,-97.526260243,-99.1002877846,-98.2777583401,-98.6531934315,-100.034452747,-99.42211744,-100.130427479,-102.845921926,-100.721288381,-102.617128982,-103.634203555,-101.677221219,-108.503856161,-101.740678281,-99.7623145432,-102.716130031,-100.523496558,-100.482806505,-98.877245523,-98.7043855198,-98.5704087875,-98.7156601988,-95.9155457735,-95.9529410676,-94.6200293805,-94.9264037631,-93.1492375294,-92.6890600234,-90.023963736,-90.7203547334,-88.0454471975,-88.6517066747,-81.6372986302,-77.9048896043,-78.2511485252,-85.7387465484,-85.1399632907,-82.9132073708,-81.4214821768,-79.4831104255,-74.6320268039,-101.664505878,-103.437595323,-103.437091248,-106.618006796,-102.895200567,-102.294285106,-101.873969766,-102.17157761,-99.2018468079,-96.6043145169,-101.840906162,-94.248201622,-91.3807733137,-97.5963033104,-94.3981227314,-95.147772501,-94.2460726781,-93.2172149498,-97.4895117066,-96.2086544374,-93.4851556021,-96.7178755153,-94.3928387415,-93.9199877264,-95.5072045324,-92.5797520423,-92.3563253545,-98.2930119281,-95.9707050475,-94.1985816454,-100.211979589,-99.5362321857,-104.20013932,-105.737398063,-99.1248364399,-99.6577793595,-101.841808279,-100.268461535,-102.894980281,-101.10396537,-102.705603768,-103.526004155,-101.499000179,-100.281196352,-94.8772203233,-102.986066178,-106.238363257,-109.593857186
-104.847859958,-102.321058973,-102.533946954,-101.852854745,-102.558337291,-101.214418403,-101.343888476,-103.100849307,-102.347963327,-102.042881234,-101.060720245,-102.201672998,-99.1102107341,-103.270191862,-99.4423260407,-101.220183468,-100.630745186,-100.095875024,-99.4212531874,-100.505618174,-99.6430923886,-101.978937176,-100.024853907,-99.0777750646,-99.1799354445,-99.0191089612,-97.7991816066,-97.446205267,-98.7879669479,-99.7637064686,-99.5574181291,-98.5602707522,-101.993895921,-100.364996711,-100.562742811,-102.825858045,-101.071237048,-102.408555978,-105.497966348,-102.814295271,-101.550062723,-101.727961671,-99.5414140181,-100.41462295,-101.947183203,-102.178914904,-103.669995071,-102.971115267,-103.753121293,-103.55209099,-102.894661682,-103.171517679,-103.546648891,-102.934417407,-102.528388426,-101.848767343,-102.992735083,-106.908877335,-104.390190961,-105.209070185,-105.382815016,-105.86789854,-105.008744748,-106.640274647,-76.3424503003,-86.2441507297,-84.5447125222,-69.8802615467,-74.0382673534,-79.9753961593,-70.9365174276,-72.6892425292,-74.5722778712,-73.7546549141,-77.7590567132,-72.6185103163,-66.4028066758,-74.6532753441,-78.5798037761,-66.8728869865,-77.3115107226,-71.4965141355,-73.7195736809,-70.948864395,-80.6484082267,-70.486291789,-73.6296648177,-70.0359758476,-78.1004382838,-74.6569897247,-78.034697147,-81.6191334802,-95.3267518369,-81.9200518221,-81.8406618041,-85.7960493485,-85.2039162859,-90.3878969995,-91.1994876931,-87.7881980146,-89.2319086347,-90.3485985759,-90.7411896395,-94.9805241105,-95.5260866023,-91.6662771064,-97.4631963384,-95.5066652555,-90.2218859479,-93.7778559746,-93.6231009322,-91.5815291871,-90.2170349445,-94.2140544387,-91.5288005702,-91.0741247378,-92.3658004914,-92.143866765,-91.5698731264,-89.8708806005,-90.4218435617,-94.9396093957,-96.8893863504,-96.9004739368,-95.9297062604,-99.6478189738,-99.6880084277,-100.30580769,-100.378454543,-97.9196052382,-97.9745598358,-98.5451621954,-100.994103535,-99.7433369393,-102.56839115,-98.9557721872,-96.7387907013,-98.9882906356,-98.2947128505,-99.8718478772,-101.262265376,-99.4890497734,-98.925671696,-100.313726806,-102.978496699,-98.396685632,-99.0723054446,-98.644469129,-96.8767173804,-98.0582274426,-100.488409329,-98.3569884474,-96.750243113,-97.9427820137,-96.2313288467,-92.3696796823,-92.2288491783,-92.0469766171,-93.5715016427,-93.9292542394,-94.0858027333,-84.871170339,-88.8865283448,-81.4897597544,-87.4996379908,-84.1213543517,-83.4207307478,-82.7796719868,-83.0158663181,-75.7549065928,-87.5586904656,-87.3497398798,-107.10134506,-81.5667001501,-78.1172526298,-78.4533868622,-81.7521078948,-85.9325941207,-88.8111733865,-90.5365539773,-83.6595968112,-77.1019655879,-79.4298858639,-83.0284863035,-82.8006753222,-73.6265998622,-72.7232249175,-80.5645675616,-79.2423898866,-79.7136353637,-77.1328398963,-80.1450362713,-83.4977922379,-93.1131692707,-75.9938195977,-82.7604939456,-75.2654756923,-79.0769397743,-81.3863305929,-82.3005316233,-74.6536647152,-105.777848058,-103.859878224,-104.465877325,-105.199604426,-105.29507873,-104.190306136,-104.556585681,-102.804535355,-105.828320451,-110.117156893,-104.561857006,-105.648054807,-106.227794485,-105.991850942,-107.557310287,-108.491130799
-90.8244644064,-82.3484367377,-81.6414143646,-83.618154934,-85.2058748813,-84.1478529134,-81.2483535818,-85.4208519448,-88.025475552,-87.1797375147,-80.9356404406,-84.8577065675,-87.3450780198,-85.8206572006,-85.5541198729,-85.0338298616,-67.1152362393,-69.1615996322,-74.264169616,-71.8644494839,-63.2196239123,-70.0004086049,-69.9231018113,-67.6972627336,-66.5240357964,-73.8522137037,-74.1746997021,-71.8703457918,-67.8476717976,-74.3000340842,-73.0220746414,-72.9423785605,-67.4358685692,-62.9702216044,-62.2465655494,-65.6426283768,-62.8572963332,-61.6820117665,-62.5394140754,-63.1063128531,-63.1138591583,-71.0419931244,-64.0778992572,-65.8689696757,-64.5797349707,-68.6220617765,-66.265839543,-64.0863092098,-72.6045707932,-72.6039424533,-66.2648994036,-68.8705529782,-72.1387959793,-70.7458800189,-70.7424987177,-67.9090109769,-69.3536820171,-66.424538725,-67.2604274311,-73.6165152674,-65.3346943858,-67.0549688217,-63.0501825564,-65.2170734946,-64.6550308442,-63.1946691758,-62.2887947369,-63.4032842901,-61.6233489353,-65.0015707678,-62.1945958052,-61.68036492,-63.7379457937,-68.7945923221,-66.5721781454,-63.878511477,-65.8241652067,-64.0573015727,-68.1343943333,-66.9953712834,-64.8470334022,-64.2408632775,-65.6965592683,-67.6281786755,-64.2869740498,-70.6832708459,-63.8163383896,-78.4425727692,-71.8690751588,-81.0840657841,-83.5044788691,-82.7216318212,-96.2209600229,-83.8641509408,-84.3757905555,-84.7208216467,-86.1321707389,-87.8766769597,-85.4744132717,-83.3918220544,-87.7514040195,-86.5603153135,-83.7878209672,-84.9247976724,-84.1337483385,-84.5724048284,-81.1394599034,-80.759581712,-79.2070021889,-84.7076162633,-84.8088183418,-79.6175132885,-83.5700840473,-82.0173016351,-86.5081446372,-85.2947640736,-83.1012798454,-85.7915927152,-84.5680778983,-85.8277822681,-85.1329372603,-97.6734183067,-98.2189612502,-93.401708367,-98.5017282815,-97.865857918,-103.727884947,-102.890304496,-103.576979761,-98.7125083679,-100.985450012,-101.005395761,-102.059985602,-102.35566676,-101.96566618,-98.2789632353,-106.570492124,-106.271841079,-104.615621873,-104.984325971,-98.9971871589,-96.1179938437,-105.504654561,-105.816389243,-102.063848601,-97.7422788617,-105.507672088,-105.226844846,-101.298105798,-100.956871923,-96.4943807734,-101.053881084,-102.281849773,-103.073498702,-102.20905954,-98.1125099004,-103.672675483,-98.2877817894,-97.383261371,-94.596497683,-98.9641716424,-99.1560559541,-94.8897427081,-85.0507821952,-92.7578715383,-96.1544482432,-86.1519070238,-82.801509018,-81.446428656,-81.1186351563,-78.5945316739,-79.9491877691,-105.839136051,-79.0238543649,-78.1807210961,-78.380248115,-80.9767293076,-89.9505516545,-90.6913511721,-81.6747257814,-83.4945076756,-79.9138635491,-81.0890914522,-76.1372675036,-78.5501295214,-71.2353698814,-82.3531163051,-74.0748932034,-73.7228184709,-73.6250452633,-80.5362346558,-86.2449985315,-85.9233071673,-79.9781100346,-85.2915838156,-77.0870725914,-74.9928454914,-75.3800609267,-75.8192593431,-78.2794050417,-75.212093719,-99.2249337225,-103.868324761,-102.216845463,-100.393951674,-103.9508456,-101.577168584,-101.111438297,-103.112314753,-104.757608135,-105.599640634,-104.452441863,-102.865036142,-106.22469616,-108.835886,-108.156064015,-106.199226969
