-104.358587513,-100.30928658,-97.6475394607,-97.8207113285,-100.584380942,-113.906298808,-104.815857446,-104.422164333,-103.83804262,-109.607105415,-103.377420399,-94.4245002202,-94.4309954627,-94.8829488999
-105.154095898,-102.234554315,-102.053444006,-102.585758138,-105.278287707,-108.045880196,-105.54912784,-106.077784117,-104.35891578,-106.573443826,-106.807913319,-94.605311944,-94.5775690326,-93.9075887839
-101.16990663,-99.4381360053,-97.1710668199,-98.3395367231,-99.3692665057,-104.111337694,-103.274001038,-101.019267379,-100.519471064,-101.088168371,-106.145590952,-95.8345807872,-95.8402730808,-95.3068567848
-107.946691962,-99.1177806045,-98.6961007252,-98.878930489,-105.302926838,-109.666913766,-107.980048288,-111.017201772,-100.429240153,-100.216485109,-99.2283944034,-95.5455412063,-95.7032640881,-95.3757395908
-105.864236666,-101.366655719,-98.0369204409,-98.4391055471,-100.57539305,-115.112204855,-108.465885646,-107.212322139,-104.384815831,-106.001549367,-104.126578092,-103.406416102,-103.290878272,-98.1857863028
-110.780911466,-104.384257297,-104.313373875,-104.7689931,-110.02649291,-110.645877346,-108.139443831,-109.089472744,-104.01233147,-104.765978754,-104.051143744,-103.354043455,-103.450918087,-102.074586682
-103.131827323,-98.0137973468,-97.603485211,-98.6310796506,-104.441222922,-107.252370021,-108.12641513,-98.8854855264,-97.8064662149,-97.8002578765,-99.1801204103,-98.4467873501,-98.3512256429,-98.481441818
-103.949393638,-103.063958269,-100.431548479,-100.946445154,-102.86087021,-107.92577884,-104.984726358,-103.949377325,-103.332800981,-105.028778111,-101.716900217,-97.7443576134,-97.7697417326,-96.2159573948
-103.782824188,-103.872455008,-99.0187515387,-99.9979932994,-100.013778963,-108.419389865,-107.14952092,-107.14960363,-104.787406295,-105.174725051,-99.7593180631,-100.042280937,-100.1524782,-100.30428426
-103.763954378,-102.504150901,-102.814227367,-103.642862787,-98.9118460769,-98.7185380911,-98.6531823382,-107.144934006,-107.004513135,-107.824847411,-108.870815482,-107.836838442,-107.880562801,-107.360281481
-102.603221673,-103.953956783,-95.1087778859,-95.4081240925,-95.2801130251,-108.149109224,-104.324299584,-96.9993308403,-96.0326038529,-96.4105071057,-98.967516995,-98.0495652853,-98.0133382557,-99.9557236533
-104.572730817,-97.8088067396,-97.4804709469,-97.791182951,-101.709405133,-102.664382636,-97.9342592077,-99.1115713974,-98.676669892,-105.482093454,-102.487233751,-103.851350167,-103.890626878,-100.762607979
-108.434582439,-103.137535022,-99.2619989906,-99.5475859458,-99.708690856,-104.602937375,-101.323442892,-102.00306955,-99.0534339842,-100.5667324,-99.6450237826,-101.995555227,-102.275339802,-100.685754829
-99.5285662563,-99.8707157031,-99.1102624802,-104.969419948,-105.059695119,-112.334237381,-103.74698525,-103.077291322,-102.237148811,-104.999742466,-101.260608677,-98.7861813914,-98.910321884,-100.186779503
-104.458915646,-103.120029539,-98.8494875065,-98.8840158251,-98.5565888764,-102.831184753,-102.877143917,-106.051154424,-101.475695237,-101.616246147,-100.162651392,-98.2020085724,-98.1812064314,-94.7453793051
-101.317657023,-98.4819127532,-98.4959757668,-99.36397434,-106.023130475,-106.146654341,-100.763425308,-100.608517154,-99.7501374896,-102.571158921,-104.056140562,-106.767882351,-109.546378155,-105.491356896
-101.853957747,-100.575554583,-97.7982805106,-98.9945693133,-100.360031151,-109.361100953,-104.701417212,-104.451040473,-101.55535259,-104.321366611,-103.735149776,-96.9442891495,-96.7806411413,-94.7916891378
-98.2850983975,-98.2330070023,-96.7818607359,-101.48685205,-100.726145932,-106.864916179,-100.586889304,-100.123298346,-100.086195701,-104.951255678,-103.761197489,-101.235971227,-100.938888744,-95.1867280869
-105.178718072,-104.877310062,-99.9603856339,-101.289266431,-101.35434992,-111.565912586,-104.359445571,-102.193794371,-101.126662174,-103.028111334,-101.911829121,-101.266689729,-101.266025256,-99.9616483489
-101.899380049,-98.9209810955,-98.9835657325,-99.5370047438,-107.299087166,-107.884464824,-104.910701613,-105.311901597,-103.800005913,-105.154150247,-103.701205009,-104.274688836,-104.87445934,-96.7220887215
-104.478485273,-104.985240635,-97.5746281228,-97.6795456629,-97.9587179663,-107.609384397,-101.415583473,-101.65185835,-100.599878572,-104.606969628,-104.238475295,-105.972478461,-104.201725214,-99.2948665892
-100.37008761,-100.037243538,-99.0021503901,-103.54170865,-104.189213954,-107.625987555,-105.908699696,-104.304277234,-101.081540939,-101.200641479,-100.768431435,-96.51502388,-96.6250816414,-95.6744975032
-107.689843297,-104.297632083,-103.126545741,-103.745926085,-108.239887043,-115.123403134,-105.819533141,-102.916386616,-101.534012965,-102.587985276,-104.756800958,-108.124295578,-110.63793457,-99.2696652872
-105.006907982,-99.2905433205,-98.1068161023,-98.7226438885,-102.295672157,-106.852971084,-107.796238329,-105.860531297,-101.195657761,-101.130207534,-102.258847536,-103.864588925,-103.979961878,-100.643217185
-106.350751995,-100.997079202,-99.2204243983,-99.8042987982,-103.393609695,-110.733731362,-109.64020825,-107.169855174,-101.493450574,-101.597206393,-102.199834921,-104.704702073,-104.721607129,-102.929458283
-98.8645256849,-99.1131171544,-98.8277210278,-106.380694369,-106.555832892,-108.938569053,-107.421845187,-107.577906838,-105.269191544,-105.184965966,-106.077713075,-108.733940027,-110.286509433,-106.988501955
-101.623693394,-98.3740837348,-98.005956106,-99.3119044585,-104.832014384,-111.303264349,-109.943185145,-111.857960678,-102.059434121,-101.964052095,-101.458403602,-101.177848447,-101.54590188,-99.4777091859
-103.827957476,-107.549617826,-105.144535635,-105.306222905,-103.932575942,-105.999330748,-106.226603322,-104.892382903,-105.037803967,-104.202494833,-105.687842833,-101.407633226,-101.561948339,-102.277468944
-110.749053062,-106.200700024,-105.861690585,-106.403157686,-108.507630123,-107.945601434,-103.74617819,-103.120371087,-102.480788437,-100.281237457,-100.468571602,-100.016526303,-103.750086408,-102.646543268
-107.44517765,-106.242064151,-100.826096271,-100.815872538,-101.197202503,-107.550409147,-106.240958892,-104.608006007,-102.81072056,-102.832878186,-102.757141315,-102.539654934,-102.968079085,-103.410433682
-112.145936352,-104.27494316,-97.6702995306,-97.6391420976,-98.4204007396,-108.509139154,-104.152753804,-102.9244029,-99.9236076112,-100.781281895,-100.13667168,-102.940785797,-103.611358592,-103.127958111
-107.888202899,-109.715183243,-104.952338356,-105.672614973,-105.102276263,-109.31658385,-101.035292901,-99.8810532558,-98.8417981851,-102.00812455,-103.469486662,-107.301539806,-106.047764891,-97.9865299645
-115.107483472,-79.2607603044,-79.2578976096,-79.2539650096,-106.348034217,-108.42307733,-106.221851894,-100.351269117,-67.8517519525,-67.8522590078,-67.8541143013,-115.494283227,-123.717291461,-129.743832177
-113.743916995,-81.1987432744,-81.1736867853,-81.1737015318,-101.673125448,-106.226102523,-95.8610959696,-95.6869355156,-67.847061903,-67.85331167,-67.8541617859,-117.399276929,-118.153033131,-118.859884635
-113.925335504,-70.1140728045,-70.1138308527,-70.1121282133,-101.248673632,-101.630570288,-103.558415212,-103.503626546,-65.9152511446,-65.9154517578,-65.9159204251,-113.999380838,-116.48759253,-118.140775439
-113.042162276,-74.4838396636,-74.4713846748,-74.4711198824,-99.0018957608,-105.951241997,-104.529158734,-107.33722167,-57.2886747393,-57.2887036003,-57.2887098607,-116.930002677,-120.080209853,-118.362704998
-112.573719743,-72.1536760112,-72.1525087323,-72.1524060027,-103.051120373,-104.888385578,-104.893192069,-102.573505701,-59.0673438263,-59.0673526886,-59.067528538,-117.73145841,-122.434752366,-123.554709219
-108.354631186,-78.1723255532,-78.1628451736,-78.1626853676,-100.820401372,-103.295391696,-100.432084658,-101.738564285,-59.4713519714,-59.4715144151,-59.4715765706,-111.072729201,-115.750138281,-118.369915523
-115.521050022,-76.7626176721,-76.7613311602,-76.7437188614,-99.4710396699,-99.7450488502,-103.646104211,-101.607045768,-64.3315566,-64.3318201807,-64.3323489778,-116.598433648,-118.27531605,-114.815720289
-117.181085586,-81.9545927754,-81.9303885792,-81.9052367952,-100.269532429,-102.379744477,-102.768361521,-103.927807416,-64.3318875591,-64.332254711,-64.3323357033,-115.823137999,-122.428829677,-122.581060324
-113.797224344,-71.6573855367,-71.6573924434,-71.6557355347,-105.453322069,-105.476682222,-104.635511651,-103.84915234,-56.0886815945,-56.0887366131,-56.0887482881,-113.872919426,-116.823361594,-116.191849186
-114.810795282,-81.9539166223,-81.9135011084,-81.9043462324,-98.837365058,-101.523457555,-94.9158980399,-95.3634310935,-65.0840681929,-65.0877265932,-65.0880300231,-110.433890239,-114.754433667,-116.617960324
-111.158480857,-79.2603269824,-79.2428369038,-79.2051246648,-97.8841613972,-99.4725453452,-102.212533213,-100.005446343,-69.01059964,-69.0122353951,-69.0138241651,-111.393125672,-115.313202206,-113.809644654
-112.266134507,-77.6767268076,-77.6761178409,-77.6336182347,-96.8500060172,-96.9157053656,-103.040647395,-104.265595571,-65.0876103366,-65.0877835515,-65.0880340452,-111.148644133,-118.291051216,-117.978728593
-113.634910829,-78.6998183916,-78.6884520568,-78.6748183056,-99.4749449569,-101.140163128,-96.9096323133,-97.0181598793,-66.8269867715,-66.830528727,-66.8310647958,-113.817914275,-120.191998735,-118.9187772
-116.287043507,-71.1877562205,-71.1858084783,-71.1774442923,-97.1551613459,-98.0075879092,-102.396146993,-102.967211673,-76.3641201884,-76.3730049319,-76.3733674545,-119.706409844,-120.755970737,-113.962909613
-111.765672286,-73.5350967837,-73.5353060216,-73.5294151565,-101.848782243,-101.590011985,-105.495546823,-102.329944789,-71.9329060635,-71.9343335534,-71.9364709752,-112.997535955,-113.445436798,-112.12713536
-112.048041283,-75.1790546811,-75.1744186095,-75.1656259208,-99.868047698,-101.521554285,-104.684011639,-104.247722381,-70.3512111532,-70.3522038365,-70.3526127959,-110.645794288,-114.632890228,-119.203197413
-112.850487333,-75.1788506245,-75.1773978051,-75.1769965239,-107.578906212,-110.720590852,-110.900165571,-101.614825458,-71.9320354213,-71.9322972304,-71.9363763968,-114.667735639,-116.460722604,-117.594475208
-116.767261269,-75.9349380632,-75.9345872349,-75.9329948689,-104.809656789,-105.09627842,-97.0307118924,-96.6528881934,-63.6349585962,-63.6366794851,-63.6370607057,-110.622324202,-114.579989623,-113.450830417
-113.129976453,-69.341442761,-69.3411210302,-69.3406889641,-105.649978512,-107.90286475,-99.2340119784,-98.2375968278,-64.330604406,-64.3319434137,-64.332326262,-113.853710478,-115.677359197,-115.762580923
-116.346978808,-71.9021025381,-71.9004962872,-71.8974664612,-100.826663329,-102.322033768,-105.004042069,-102.628062346,-59.8951574054,-59.8952293165,-59.8953723775,-113.991373664,-116.367561703,-121.173269671
-114.382960128,-79.261029097,-79.2389749268,-79.2143929226,-98.3635378329,-100.70800584,-101.102333159,-99.7732216236,-73.8636422423,-73.8700846017,-73.8746616923,-118.543152354,-120.823787606,-119.275087628
-119.350104183,-76.3389394216,-76.3382146703,-76.3179691156,-98.8776387566,-99.0300537889,-100.27531855,-100.339416001,-60.3404830576,-60.3408280816,-60.3408934074,-111.774748793,-115.937415146,-114.880773087
-108.657001736,-70.5274535736,-70.5264590716,-70.5243594724,-100.952906119,-102.56096226,-96.3517090065,-95.9761206607,-55.2860402736,-55.2863640638,-55.2863994791,-109.631400768,-110.096556652,-110.956104898
-113.642099228,-75.1788104486,-75.1779741087,-75.1744518599,-103.674256802,-104.360206933,-105.505039809,-106.590064395,-73.8725169503,-73.8741999286,-73.874383783,-112.653660557,-115.146597512,-114.446919054
-115.649315434,-77.6774365543,-77.6775251376,-77.6504520644,-99.5989508679,-99.5860898948,-108.651191759,-106.532707434,-60.3408138716,-60.3408697696,-60.3409078328,-115.067051453,-115.856821043,-117.451045894
-114.980953557,-71.1878056294,-71.1878484564,-71.1853913386,-103.083999211,-102.99558916,-107.875640494,-109.706253848,-63.6370253711,-63.6371159968,-63.637093001,-114.970856587,-115.083507944,-120.856626382
-115.246725595,-77.6777791454,-77.6689889399,-77.6570198767,-100.323893458,-102.275551622,-103.01948369,-103.832538373,-71.9338529442,-71.936358592,-71.9363926456,-114.679380647,-118.529026364,-116.522410723
-115.942211515,-71.6573930964,-71.6548018887,-71.651246801,-99.2945743532,-101.102901044,-105.489836015,-107.623181541,-63.636960722,-63.6369714783,-63.6370491606,-111.43738026,-119.980606196,-118.947396323
-113.365217938,-112.248896574,-110.405137317,-107.102293499,-107.124294302,-107.425520109,-110.157828779,-106.254947973,-105.640353378,-106.018481707,-110.793813609,-117.419153801,-101.794318221,-101.119920778
-113.88253291,-70.7421809822,-70.7412136617,-70.7365445645,-98.0328460698,-98.5244331817,-101.990139324,-105.815809422,-61.8334302654,-61.8335203813,-61.8335592584,-113.200002872,-116.187853022,-115.990760432
-111.425072602,-69.9142213506,-69.9140041186,-69.9081486192,-96.3941382713,-96.4272244523,-99.499981721,-104.041325958,-60.3407479437,-60.3408767535,-60.3408966016,-112.592679735,-113.020234856,-113.088533683
-114.80643455,-73.8400304848,-73.8379959215,-73.8244710124,-97.0269665843,-97.414786142,-100.999628891,-103.689912461,-60.3407372404,-60.3408511868,-60.3408956369,-112.592969993,-117.330931236,-117.02851197
-119.50406575,-77.6778794889,-77.6626152506,-77.6535438992,-99.568543356,-102.716746813,-105.542283804,-106.713920885,-71.9354084859,-71.9360420404,-71.9365247476,-119.112794211,-124.592126765,-113.177235302
-112.87874503,-72.4128685292,-72.4108906759,-72.4084960893,-101.43536418,-103.246487815,-105.600338353,-106.712795492,-59.0674685796,-59.0675206794,-59.0675280145,-114.079221306,-115.605478417,-115.894753027
-122.973283793,-71.9021556083,-71.8980765144,-71.8961127947,-99.1149528115,-101.571708625,-96.2971663293,-96.8862950379,-63.6351453831,-63.6370760338,-63.6370970406,-112.972286353,-114.70516177,-113.58740236
-117.301283208,-64.4019599866,-64.4016074616,-64.4010350828,-100.672685153,-102.247765625,-103.516205762,-103.536112975,-62.9930779055,-62.9933375755,-62.9933937187,-113.565320545,-119.242500707,-114.227004511
-111.946471095,-72.1537579185,-72.1538730624,-72.1462040795,-99.6137556732,-99.5871731336,-100.880285981,-100.541781348,-56.0885995206,-56.0887378393,-56.0887489913,-112.097504552,-113.873323957,-113.677995815
-116.786152943,-71.1877606054,-71.1860859979,-71.1814510651,-98.0346017147,-98.8376477627,-96.7268006004,-97.6752534434,-69.0082387969,-69.0138573043,-69.0139638168,-111.312002316,-112.407069174,-108.926114394
-108.101053074,-74.1552752834,-74.1403278889,-74.1406002605,-95.9699932842,-99.1140497713,-97.6409493002,-101.772899022,-62.3937239999,-62.3940770891,-62.3940867846,-106.336258346,-106.593505835,-108.250588437
-109.622786064,-74.1558779952,-74.150492999,-74.1380256383,-97.1567110221,-98.3077561843,-104.212403714,-110.936092636,-65.9159177643,-65.9158913869,-65.9158920322,-111.648859627,-116.382506212,-113.857834162
-109.845272595,-87.2028197549,-87.1827774259,-87.0510975882,-100.166764345,-100.723413813,-102.487229718,-104.360234809,-62.9931463728,-62.9934032278,-62.993401747,-114.892075399,-117.69333234,-118.035007094
-110.950771634,-66.6597953604,-66.6596284739,-66.6573893194,-98.3182403367,-98.7323845655,-101.925989369,-103.586051467,-66.8302264837,-66.8310522178,-66.8310398198,-112.836107183,-118.079398165,-116.5936239
-110.23615099,-80.5030096645,-80.498291409,-80.4893780439,-98.3680212264,-98.6222208919,-97.7520846816,-102.709574126,-61.3067046772,-61.3070074091,-61.307003668,-113.027776381,-113.278052813,-111.287914684
-113.760617001,-66.6598787731,-66.6595010251,-66.6553032408,-96.3235641169,-96.6735409792,-102.079741388,-102.2707383,-79.8713183151,-79.8942481119,-79.8940874765,-113.91066102,-117.781676155,-110.538648337
-115.581018387,-77.6777887949,-77.6635890128,-77.6615594561,-98.2904610975,-100.350257274,-97.6153956678,-99.9958184119,-61.8329298398,-61.8335198639,-61.8335756166,-116.556253709,-116.925885185,-114.129127636
-113.008223754,-70.9621524411,-70.9593179058,-70.9588065251,-97.3566522434,-98.7095245293,-96.0912527706,-98.7248438965,-57.9568331708,-57.9571606756,-57.9571793027,-110.612540753,-111.363441758,-108.290990416
-110.969037669,-78.1723250302,-78.1708768577,-78.1663476627,-98.8220562173,-99.126090269,-98.8998962056,-104.907315121,-67.8533375937,-67.8538320486,-67.85394201,-110.134595987,-116.804386969,-109.240411487
-110.066366532,-75.1781836511,-75.1670462874,-75.1640464293,-97.0935222667,-99.3935076926,-95.9522568784,-97.6763152463,-69.0081673053,-69.0135592656,-69.013489143,-107.764732679,-110.685528641,-105.246614435
-111.567134879,-67.2204043897,-67.2197765769,-67.2194799177,-101.907108549,-104.096149571,-97.3848953034,-97.8239382036,-70.3453350524,-70.352738048,-70.3527625819,-113.420251566,-117.591906433,-109.376053759
-113.084963367,-69.7191999685,-69.7186813812,-69.7130813713,-97.4768949008,-97.7500690571,-103.58012003,-107.368712109,-61.3069181599,-61.3069980367,-61.3069942655,-113.754783552,-109.905724204,-107.275704945
-113.001704031,-68.6320863128,-68.6315537298,-68.6297984285,-100.368094533,-101.07975795,-102.489349067,-103.572232807,-62.3938540893,-62.3941056805,-62.3941349331,-113.991373664,-108.031648925,-103.467938358
-115.23837201,-72.4130590826,-72.4111352128,-72.410925489,-104.839343385,-112.037975719,-106.179723525,-106.483176939,-66.8306775996,-66.8311289984,-66.831120563,-116.55217632,-108.004612996,-102.18130533
-108.862662397,-67.0766653288,-67.0766037445,-67.0732455285,-96.4182082197,-96.4610606691,-101.893986196,-112.549502347,-62.3941357516,-62.394139915,-62.3941571536,-118.504395683,-115.376146532,-112.361922632
-116.199821581,-83.6963690684,-83.6948100422,-83.6923906767,-105.689585113,-105.720394146,-101.474917904,-102.906937988,-103.166941598,-120.709054355,-119.772767465,-118.696799505,-108.087492259,-105.571086952
-113.743791099,-96.7255088806,-95.8846998446,-94.6406815867,-97.7750170231,-99.1279676631,-102.036833948,-105.266689003,-67.8534574669,-67.8541074122,-67.8541325931,-112.950352584,-111.473511957,-99.9647577727
-110.973180044,-80.5011782914,-80.4893718249,-80.4926753605,-102.930113824,-105.18208521,-103.001407518,-103.831512526,-59.8952281528,-59.8953112299,-59.8953775603,-115.233233069,-111.01118291,-101.141786424
-121.194964265,-79.2614469939,-79.226195858,-79.1640300946,-95.1749244492,-96.8031224148,-103.980911548,-110.662789351,-60.3408857435,-60.3408898563,-60.3408710511,-109.12954707,-109.489181996,-107.879732415
-106.479599005,-92.9777571874,-88.893176774,-88.5610643223,-89.6986027428,-95.4526390985,-96.8812529663,-104.841557014,-105.540269513,-111.553398129,-109.41360556,-107.265280091,-99.4120408784,-99.4015784682
-109.370470748,-94.1625184981,-90.7133060995,-90.2599994087,-92.2539239766,-98.7206097455,-104.444723938,-112.581554739,-112.054492166,-110.695492745,-108.366003609,-109.089413845,-105.189531502,-104.628029085
-111.337020463,-92.3592755846,-91.5770728784,-91.1297203126,-95.9254106822,-98.5875959211,-102.039967084,-108.12586641,-105.697348857,-105.648840865,-106.56236812,-108.580254323,-106.536685037,-107.345312737
-110.211733708,-90.0064606277,-87.3799693604,-87.3680832925,-90.6436116921,-103.227392903,-103.826389378,-106.277572332,-111.556772799,-109.904991185,-108.509265705,-108.382171235,-106.262189274,-107.877142576
-116.862613201,-93.9358349327,-91.8141657472,-91.5364248519,-94.9604701488,-101.359904691,-104.677293749,-106.795694792,-108.791461376,-109.984454323,-113.667976069,-109.025842795,-98.3507143481,-98.1129349724
-113.381987986,-95.0370051025,-94.4995165774,-94.3105773346,-100.672837952,-102.821795973,-104.416760485,-109.852280788,-110.755959193,-108.061582765,-105.985448004,-107.144533495,-103.981071606,-105.406791756
-112.16684195,-97.1774965401,-93.1172518479,-91.751204876,-93.1198510205,-97.1036727998,-108.136797106,-110.098219383,-107.516119965,-107.501850479,-106.582328583,-109.67634974,-110.189545339,-115.043997051
-113.857730314,-113.287239676,-102.43638727,-100.567954878,-97.867422173,-98.8788004974,-100.062539495,-106.371176455,-108.65138106,-108.482735781,-109.496495066,-106.636618746,-104.121041857,-103.634139518
-113.695358486,-96.9961640974,-91.2010025621,-90.7476623027,-91.2560820365,-97.2154409219,-99.8188024866,-114.13996973,-114.351104442,-111.757165752,-113.664848662,-113.552396703,-101.729622961,-101.726343552
-107.454766229,-91.6289358244,-88.459766927,-88.2047878943,-90.4591951538,-97.8704042498,-101.781636943,-106.930920312,-106.204494403,-105.666838113,-107.915119993,-107.617625499,-110.478126965,-110.626092198
-108.129543319,-91.0116191492,-90.2598905008,-89.6741500488,-93.4388798833,-95.0708018321,-97.5845520788,-108.352526876,-110.537951826,-112.696590294,-113.953262279,-112.976210576,-96.4035392414,-96.2856834908
-112.169109141,-89.3282224227,-88.896937062,-88.3019103975,-92.8055479825,-93.9087854994,-96.6305450891,-109.93019135,-110.233411714,-108.642058986,-106.321593793,-107.033563374,-98.4791064008,-98.7628187188
-109.575048503,-89.989743933,-85.3221016638,-85.2563290302,-86.6525005071,-95.952382911,-96.9058897552,-104.735147708,-110.222135466,-111.601925902,-113.431697358,-112.277137225,-98.0360390765,-97.8745054284
-111.79312465,-89.6135009984,-89.4444809536,-88.8411948472,-93.2259396318,-93.6462606416,-95.6850405161,-108.750869714,-107.821189751,-110.684530674,-111.595617961,-110.364693724,-101.187042358,-101.181898111
-109.236595285,-93.2955029207,-85.3079359172,-85.2228925699,-85.6855638744,-96.4219160734,-97.580578033,-107.858205143,-108.86597247,-110.3990096,-111.31708854,-113.181533687,-98.0852483152,-97.8935560879
-113.968624376,-86.6633968306,-84.2688143807,-84.1944051804,-87.7623963833,-100.589941414,-106.89077476,-117.593892322,-111.486890865,-110.576354691,-109.63196631,-111.146510219,-110.022904917,-111.732162315
-106.924142408,-102.101391649,-102.816428387,-102.419747721,-109.558786435,-110.71360888,-107.177129955,-106.420582375,-106.754243336,-108.022691791,-106.218134774,-105.644742387,-105.002139724,-106.72356555
-107.820078098,-108.098778919,-109.207124359,-107.408488535,-107.03132856,-107.958600539,-109.689292405,-109.111966431,-108.163941654,-108.717753703,-109.949438138,-111.256202059,-111.656217571,-110.953745376
-103.128295635,-106.168251326,-113.100939329,-109.07112371,-108.27513494,-108.656240772,-112.931620893,-116.281983285,-114.516190097,-112.261834179,-108.626172142,-109.630834334,-109.517368931,-114.359316964
-108.354982704,-109.047313835,-107.977043449,-106.460122257,-105.940883541,-106.46552247,-108.131931015,-110.312237186,-114.859037517,-112.067555479,-111.228233954,-107.981076283,-108.125479097,-108.570993617
-105.118804652,-105.923302535,-105.091837523,-107.230990518,-106.82640772,-107.176925649,-108.598690149,-108.143106027,-111.314595344,-107.667827735,-108.344631794,-106.190243396,-107.535702498,-107.645027008
-105.480715623,-105.521240731,-110.682850644,-111.901202246,-111.68787453,-111.716213677,-112.546870532,-112.009599815,-108.348944921,-109.664417703,-109.725974061,-115.902909041,-114.965050573,-112.827967011
-107.433640973,-108.899164314,-108.456979,-106.409808275,-105.981213003,-106.978481083,-109.079752811,-112.029935441,-114.02234532,-119.405955653,-111.604775898,-109.253256364,-109.397842465,-106.653754075
-107.255711311,-106.58664153,-105.287917507,-104.34351133,-104.831413529,-104.580089533,-106.057009635,-104.310276925,-106.252410627,-106.861415437,-107.159941197,-108.212469987,-109.269360333,-118.817715167
-108.649051617,-110.218412035,-111.805453448,-108.536278335,-108.771581965,-104.6295477,-106.285315836,-104.993785669,-110.115778151,-107.131203038,-109.143963762,-108.138171591,-111.262167596,-105.259020424
-108.897344147,-109.253781249,-108.585239966,-105.581855897,-106.875524729,-106.39973369,-109.809108459,-110.091792369,-110.784101031,-111.525410463,-110.424566294,-110.847480081,-111.982973186,-111.864632331
-107.711063632,-105.906667726,-107.090537156,-107.324493341,-106.059156278,-106.842535208,-105.25489022,-103.335577349,-102.584708544,-103.475804964,-108.990298244,-113.142914202,-112.208275394,-108.461096604
-109.537085548,-109.065789887,-108.537165862,-106.761674855,-107.503658521,-108.391269001,-118.640323942,-100.261492218,-99.8825467283,-99.9069141104,-109.912836418,-114.001693841,-112.392713415,-112.136445043
-105.576348652,-105.292272721,-105.837745911,-103.231823029,-104.32380024,-103.10832994,-106.334213469,-105.617218265,-109.699791755,-109.432426292,-112.797710376,-114.355025214,-112.113620024,-110.361244629
-107.569477877,-107.802653354,-109.803775844,-108.251505081,-107.654744474,-105.47058312,-105.142503886,-105.080518878,-108.238999647,-110.163487046,-106.580839561,-106.126690836,-105.997980402,-105.776688705
-109.338547333,-110.51142504,-111.935036368,-114.21097477,-115.514642842,-112.851500339,-112.913308529,-112.61826992,-111.98122362,-109.840366923,-108.964781988,-110.836484394,-113.945459411,-112.477599953
-108.19220833,-109.539224073,-111.302993161,-109.475926845,-109.406900076,-110.668297593,-117.10532519,-112.266905582,-110.577819502,-110.990322273,-114.389789407,-117.285875761,-116.904010166,-112.697180677
-100.320349495,-99.7303645073,-99.8088090842,-103.319634028,-104.704893108,-103.871133131,-106.016655792,-106.275888214,-112.532692742,-112.815338282,-109.232279767,-100.103269359,-100.032973891,-100.352914799
-100.760266,-100.720416781,-100.801609849,-109.982301293,-109.751276933,-110.336278511,-105.046640434,-105.344307038,-105.394995026,-115.193963409,-112.990654581,-102.427863135,-102.474297436,-102.434856069
-101.602543899,-102.189282692,-95.3991637704,-96.2724125633,-96.3008910432,-108.064101809,-100.819295247,-100.753689826,-101.202117875,-109.282760703,-109.095276828,-99.1068439526,-99.2298274779,-99.3251812289
-99.4459426469,-99.3516229435,-94.2686775672,-95.7251013773,-95.5565757327,-108.340520539,-107.832057234,-109.74737461,-109.451854189,-109.864620171,-110.945042254,-102.223634367,-101.414599459,-101.637847399
-101.94004739,-101.605404359,-99.3038376201,-101.91484342,-102.345749838,-107.639826124,-107.61506716,-106.579593782,-110.644095698,-106.655376892,-107.138006647,-106.729663899,-111.123453427,-111.151688191
-104.069989505,-103.297658759,-101.722463911,-103.895007945,-103.765894077,-106.291980957,-107.03958843,-106.222873268,-106.997431904,-107.704332439,-114.489167432,-107.414577778,-106.991949632,-107.216571422
-104.422903373,-104.483323559,-99.8188961974,-101.091118302,-100.916824943,-105.223219805,-104.709129591,-104.696179923,-107.979840072,-106.053494567,-106.084217997,-105.553736592,-110.877887382,-109.167330818
-102.049311839,-102.055383983,-102.349269938,-104.052895211,-103.974328274,-105.289147362,-107.600376253,-108.148431812,-110.511527707,-108.412481538,-107.805163204,-107.430049584,-105.566475403,-104.103864821
-101.109688277,-103.092118159,-101.640125577,-99.7049826641,-97.9863690009,-97.4872912321,-98.3788360195,-98.7340779026,-98.1350086059,-98.7707762377,-99.654164497,-102.978712991,-102.2708999,-100.694428804
-101.413244776,-101.489728542,-101.367552073,-107.340195951,-109.947352205,-110.529822987,-108.690553892,-106.731124386,-104.909744674,-105.556862524,-105.11525456,-103.758917025,-103.377306672,-104.716086134
-105.141224428,-105.095097912,-96.4963913096,-96.8703147635,-96.6079952307,-105.930476752,-102.267792807,-102.481773167,-102.639956996,-106.357920516,-106.744193655,-104.499612222,-104.36733432,-104.039018723
-100.458859952,-100.392105629,-99.7406639276,-105.367431333,-105.281347613,-109.863959625,-107.101961582,-107.10908872,-106.957576907,-106.995549161,-108.18946889,-104.380868611,-105.054016258,-105.017413482
-103.4425911,-103.004047253,-100.901678558,-102.919880584,-103.290734604,-110.971539841,-107.675228431,-107.96275268,-107.024596503,-108.465177395,-107.168283825,-106.217890691,-107.817048188,-108.947605923
-103.917805259,-104.149270566,-102.385544874,-105.944705444,-105.511794661,-111.328527232,-111.939086317,-111.090514868,-110.081462603,-109.560821414,-111.924131541,-112.061003049,-107.999660352,-107.262571423
-104.411122039,-104.494530755,-104.09951116,-109.053793802,-106.50845838,-106.92840977,-109.017797241,-112.580668879,-107.713744159,-104.690819506,-104.224214991,-102.941733166,-104.792796115,-105.436887957
-106.567477274,-106.504446996,-105.237471415,-108.876389994,-107.862351179,-109.719607532,-110.131811892,-112.581818288,-113.813607313,-114.753897945,-113.1480181,-105.846407193,-105.887963389,-105.642259433
-108.017612626,-107.120720531,-111.451852651,-109.146397378,-108.199323939,-106.333124548,-107.84124403,-108.399142687,-110.933131094,-108.58208663,-109.415198144,-107.344639704,-95.2107067313,-95.170389624
-111.994260387,-112.423982698,-114.300201615,-110.590477997,-110.061382984,-105.905886207,-107.220523573,-104.037085365,-106.357530289,-104.343585673,-106.63407922,-106.516906198,-99.650855415,-99.7944710187
-101.331877667,-101.380061243,-102.427921643,-104.786886134,-106.980358796,-106.825364326,-111.06640997,-105.859989088,-105.618112173,-104.393098955,-105.381751739,-105.478809397,-105.727197127,-107.764296048
-114.970018814,-113.097529024,-110.566615946,-110.244976944,-111.645515116,-107.388420377,-106.122385645,-103.381559451,-103.965922583,-104.475128796,-108.132462054,-111.976896458,-99.8812659432,-99.9674728421
-110.509215168,-111.675057977,-111.366508114,-109.479855735,-107.683349157,-106.571791718,-104.603932816,-101.802469447,-102.182570865,-103.374099267,-110.670931178,-109.538344953,-99.0878568086,-99.1191125898
-110.638517177,-111.216330545,-112.557246359,-111.24539501,-111.280414482,-110.768480399,-113.739320906,-105.782941502,-103.435828105,-102.32208792,-104.229142042,-107.454357169,-103.26638965,-102.507211197
-109.688113588,-111.918750445,-113.886792849,-115.01828378,-111.268418702,-110.137418029,-107.586512856,-102.853402704,-102.161781343,-102.560779612,-107.614323151,-111.016978773,-97.1203278317,-97.119356572
-105.540240171,-105.421068617,-108.459977115,-107.672492824,-105.866556756,-106.512294935,-107.036891389,-108.746813507,-108.751265878,-110.009027683,-108.929206867,-108.52885897,-98.0016029994,-98.2093912407
-108.990014858,-110.386291938,-109.030899847,-107.295064388,-107.573564335,-108.213993812,-107.321489818,-105.027237688,-104.649166855,-106.103328528,-109.272689382,-118.689126664,-99.2803972795,-99.2486036454
-106.473408661,-106.190261902,-113.536719892,-114.418117595,-112.50377021,-111.421757623,-109.569619276,-102.996623696,-102.707015324,-103.108447087,-112.188013623,-109.85283177,-98.8252173732,-98.7144120195
-109.640178668,-110.574510619,-111.436293962,-116.354088434,-117.508736815,-116.428995146,-112.583930677,-100.504078645,-100.524037742,-100.355583894,-108.036608701,-106.218676112,-104.277735369,-105.190466501
-101.936128724,-102.829081349,-102.963795168,-103.47833569,-104.634234486,-103.232856533,-102.576924537,-97.3324802744,-97.7089083271,-97.7504670001,-102.028267553,-102.658809932,-98.8868222465,-98.3716126179
-106.34500364,-106.649655291,-107.219128638,-113.975942866,-109.674929005,-109.314859967,-103.671742203,-100.870868062,-100.727392952,-102.086582617,-108.428071451,-109.946887561,-96.6526551739,-96.5458041016
-108.303461525,-107.826294785,-107.951397151,-110.116705817,-111.782068925,-109.634291828,-109.02280015,-107.3619592,-107.910700421,-109.491041222,-112.134294937,-115.534028735,-98.9798093605,-99.0030395706
-107.60128571,-108.550215448,-108.891039116,-110.658076476,-112.373560212,-113.405309135,-113.317398087,-112.038397746,-108.180643205,-108.240067327,-108.754028059,-111.934480441,-107.024682814,-106.383654899
-108.797943737,-108.193511458,-115.530568229,-112.474694795,-113.831910121,-109.614844856,-107.531620478,-106.2545797,-106.971788983,-108.785178423,-110.164745989,-111.251930371,-101.508376357,-101.695261834
-110.785235057,-111.264896697,-107.232553631,-106.391538543,-106.482913395,-109.216856617,-105.443863722,-106.111261993,-105.938265785,-115.145692641,-107.459614869,-107.917702286,-107.067461938,-111.816424825
-97.8422492899,-97.7931022322,-97.9351262152,-107.459796435,-110.176052388,-109.678913799,-108.511125323,-109.147657013,-108.746212121,-109.080188652,-109.898962776,-110.246763163,-114.517446639,-107.463589929
-101.469536075,-101.287795424,-100.559621631,-106.945829348,-106.935604906,-111.349739172,-108.685615422,-110.115101614,-108.568940165,-112.55038779,-111.466355883,-111.518286672,-109.675817434,-108.343443507
-98.5860738554,-98.6042742033,-98.6236490071,-109.157231967,-104.30663952,-104.331642152,-104.558076462,-111.318751632,-112.672253164,-115.280383119,-114.601790578,-115.50022813,-113.634070766,-114.082234802
-105.305713793,-103.911575886,-103.076406509,-105.979025514,-104.486359018,-105.954556801,-103.95658163,-106.64599235,-106.464292505,-109.643442642,-110.588820825,-109.823451782,-110.520856274,-105.467314917
-101.954141991,-100.702884136,-100.434778086,-103.775244394,-108.084144036,-107.915179948,-110.087096983,-108.531216567,-110.938752311,-111.107826716,-112.583338754,-109.229013922,-109.021890422,-107.695781821
-103.75098107,-102.220282053,-100.984566987,-103.353200033,-105.534295629,-116.867761548,-103.269916921,-102.234160698,-101.830671621,-105.7581985,-107.996244771,-109.170219611,-110.881635939,-104.050468497
-101.839842471,-101.425726105,-101.443652395,-106.1844726,-105.585687682,-107.483862403,-107.687242283,-109.643465208,-108.47387299,-109.072819633,-109.402356421,-108.484522114,-108.65765719,-109.400832856
-105.653177772,-105.057341608,-105.044685192,-113.39013874,-105.566859722,-104.706597285,-104.134755221,-108.766053614,-107.945007687,-107.663575141,-107.920137186,-110.090601537,-111.353378879,-102.58750065
-106.698513208,-106.064770755,-104.816863928,-107.964606881,-108.277645067,-111.553164871,-111.741928816,-111.505944792,-111.018622334,-108.698089975,-108.024932573,-108.275266262,-109.459813966,-103.835828059
-103.203645282,-103.13790207,-102.134345086,-107.697293085,-106.944188075,-111.136865738,-109.613373544,-111.598791832,-111.128898572,-113.073622365,-114.499615641,-114.941036398,-114.035656109,-108.246862056
-101.420996709,-100.811803914,-100.693029391,-108.114376632,-113.022453682,-113.212020126,-110.891578512,-110.166993235,-109.859731993,-107.446994832,-106.322771693,-107.08355346,-109.33327716,-107.489328057
-98.2376526653,-97.91445643,-97.8421247205,-107.544870268,-111.891115903,-119.906193926,-112.832251056,-112.501848749,-109.739788443,-111.671904228,-111.969919016,-112.546278432,-112.644213134,-109.008879959
-102.09738546,-101.66390222,-101.84441544,-107.254135906,-107.485161323,-107.351202998,-108.322909622,-110.287621394,-110.661514462,-111.333155337,-110.895169443,-110.670611384,-111.641603826,-103.72797339
-110.188274568,-108.69628624,-108.322055766,-108.077057406,-109.319688645,-109.977664437,-108.676262707,-109.081303665,-108.767806785,-108.583617494,-108.546841701,-108.977497019,-111.661080907,-110.42438303
-101.774393025,-98.5860615574,-98.0877917887,-99.9853895506,-103.928744131,-106.40073303,-106.056624193,-108.977012952,-108.698082444,-109.730837891,-112.884880814,-113.469037985,-109.524741036,-105.130968422
-106.657680338,-106.891867085,-109.116998367,-111.653111113,-112.812697799,-104.280156293,-103.550685099,-102.015045842,-103.888801688,-102.323524519,-103.815957478,-101.568131227,-102.864878863,-102.799581123
-110.12332405,-109.517833478,-104.782850731,-105.267997292,-104.730116631,-110.334900905,-105.515103684,-106.587192237,-106.42969824,-109.809326247,-108.310638578,-107.681850542,-109.087041537,-109.277726839
-112.374947183,-110.082212561,-109.238131569,-106.956328009,-108.179397516,-101.235375631,-101.738886718,-101.966681422,-117.184759709,-105.14745576,-104.692632059,-104.21938837,-109.588690499,-108.877764852
-108.484126542,-117.377943889,-126.457437226,-109.831805591,-109.79347315,-108.724869756,-109.703826364,-108.717752761,-108.518738876,-102.34005122,-102.260452358,-102.223016745,-109.433239876,-104.028537986
-108.985161159,-110.491899567,-108.052680393,-107.140240637,-106.533337172,-107.228330127,-106.211653167,-107.753541237,-108.477681553,-109.574722909,-109.662680761,-108.84333476,-108.777236033,-104.246303375
-103.804632682,-105.368960501,-104.183796932,-107.959779768,-108.761203041,-110.57614667,-107.790299238,-105.000833608,-105.313129369,-103.336650231,-104.603033336,-104.375764104,-109.424204699,-104.184945816
-108.144153313,-109.528152791,-109.017485872,-107.521785778,-107.536079889,-104.782256861,-104.204791711,-104.564252864,-107.059240179,-111.469808214,-109.990360621,-110.042940131,-110.801708521,-107.707135598
-111.090113163,-123.515053866,-108.657097177,-106.783910222,-106.576073692,-107.525410977,-106.365294664,-105.547960518,-106.905381094,-109.3325259,-111.018856911,-107.430677569,-106.564748777,-103.623064581
-108.369128639,-109.258300842,-110.773444113,-115.655196278,-112.165917425,-111.750855508,-111.993156149,-115.382691642,-112.663629335,-110.268291494,-108.477570603,-106.733491253,-107.216004228,-104.757836429
-104.994185449,-106.015941836,-104.036441752,-106.290993914,-104.374805059,-106.437878289,-108.075203465,-112.275582691,-107.526654292,-105.38939775,-105.012046439,-105.839660574,-108.379630202,-108.458379003
-108.903868682,-112.053230611,-107.773430991,-106.817164092,-106.427970766,-106.997681675,-105.063354678,-105.116544277,-105.629103929,-109.992364981,-109.126815961,-110.060694503,-110.940811774,-110.858564684
-107.957464678,-111.420735699,-110.591806417,-113.668213391,-110.517944098,-102.174601837,-101.916205237,-102.103193585,-110.645399631,-103.596732228,-103.424884972,-103.072569203,-109.714698437,-108.514271491
-104.438236682,-105.849532965,-104.686356179,-108.913248294,-108.730685541,-108.72631068,-108.048014761,-106.490880253,-106.558710252,-106.961560816,-107.744965567,-108.425999192,-107.019158943,-103.248014544
-107.441471534,-108.403195757,-107.043071313,-107.285656302,-107.550918645,-110.910451944,-105.442642606,-105.41983061,-104.555984467,-107.056129358,-107.346850888,-108.644926599,-111.702108855,-105.919828139
-105.618516885,-105.438491986,-104.934980564,-109.146291223,-108.378278996,-103.330249207,-103.469962571,-103.341461245,-108.537018102,-106.719947666,-105.40107921,-105.095650423,-106.771237809,-103.624817827
-110.021359111,-108.566242415,-107.32850561,-105.282922981,-106.548018829,-103.805811417,-106.047907172,-105.80421775,-114.958967914,-105.274349048,-105.38481344,-105.163871202,-113.327416788,-103.924622491
-95.6948167309,-95.9163909791,-94.0630217916,-81.3636264102,-81.3597490698,-79.9796235667,-85.0690518895,-85.0794246735,-98.0066986566,-102.778917045,-102.821073695,-113.200998,-110.879514065,-110.379295625
-95.9716585472,-97.213043892,-98.4640872924,-80.4309310124,-80.4225703154,-79.2927828323,-84.8829449721,-84.8866109932,-92.4520532709,-102.388339644,-103.535443283,-106.799131645,-113.275193802,-111.71285606
-95.5058808209,-97.6539060364,-99.5857178491,-77.4228234812,-77.4184626526,-77.1259973759,-88.645894423,-88.6899208537,-101.783479148,-102.75134288,-102.819781462,-110.375794668,-110.472903089,-110.354289237
-99.4183610473,-102.308984952,-97.5770070863,-74.6557863372,-74.6562170619,-74.1144281563,-83.0859463731,-83.0802357951,-95.6888500331,-103.490367974,-104.746537703,-112.384137419,-109.116492704,-108.01266478
-99.229058214,-112.425818547,-97.1252948214,-83.9993879176,-83.990527991,-79.1066714038,-80.6284382263,-80.6329241944,-97.9508623041,-107.538190259,-107.411978017,-107.340127665,-112.999045581,-109.208421587
-94.078032908,-94.4657741032,-96.0046584978,-91.6857390732,-91.6906979545,-86.1562971391,-87.0166135809,-87.0241787861,-99.6301445559,-103.05006756,-102.752698155,-108.212634482,-108.874074047,-109.000480459
-91.9235152924,-91.9226864518,-98.1907947948,-83.3594555085,-83.3572460175,-80.6608881433,-83.7999607176,-83.7960132648,-99.2786397183,-104.405799533,-104.83989145,-109.230007317,-111.512396612,-114.461468392
-92.9794189634,-101.587877627,-96.049987398,-77.0347943219,-77.0324058173,-76.3238514229,-84.241341662,-84.2495949603,-103.925889859,-104.928141511,-105.916549375,-110.231659474,-109.03455173,-108.285982706
-93.5806048934,-93.9116949014,-93.1450809369,-71.0432895351,-71.0426903931,-70.4155184389,-78.8649820108,-78.867749134,-93.9034026718,-100.805892408,-99.9789976828,-100.021167268,-102.079929399,-102.797871
-95.6329439706,-97.1667335438,-97.9130836062,-81.4634442101,-81.4364542289,-81.4723205717,-98.9557179096,-101.398911599,-97.1893574998,-98.2853314874,-98.3429861545,-109.998439348,-107.693042487,-107.535732316
-95.971575359,-101.991182068,-102.185325434,-70.5573689566,-70.5571831078,-70.3556459477,-83.605950443,-83.5954493653,-96.5716754493,-101.829607127,-102.933574216,-111.085904186,-110.011162772,-109.97539073
-96.6287189276,-96.618778847,-100.134219182,-84.1429494623,-84.1059007323,-76.422356914,-77.1227860499,-77.1300997651,-93.6618287138,-104.14911896,-103.467492079,-110.102268983,-108.72616668,-109.912820748
-96.1278590571,-97.1259069395,-97.7983871199,-80.4318411969,-80.4319923253,-77.3939278646,-80.1961668218,-80.1972568662,-93.9977485651,-107.847552509,-107.528247013,-108.37544564,-108.040530238,-108.365109186
-97.2443115659,-101.260872942,-97.4948393675,-83.3469225263,-83.3490997516,-81.5301414891,-84.3076038213,-84.2521157155,-89.0438297141,-102.139512793,-111.21722051,-110.888907836,-109.175489291,-108.404298959
-96.5339727075,-96.916903476,-98.9896544575,-83.4199735303,-83.4234468122,-80.8365477341,-84.2139677048,-84.2179339194,-101.522325367,-106.016560344,-106.142750797,-110.106461947,-112.556494075,-110.265573169
-101.286603709,-103.036213636,-107.48325908,-82.752644806,-82.7565022343,-80.39162897,-83.9300310655,-83.9298836113,-96.7579970882,-108.384606515,-108.047858286,-111.876560001,-111.776072652,-111.812381911
-94.7542203111,-94.8167691812,-108.831991861,-110.108951026,-109.782189258,-117.980749009,-105.546623048,-104.338469524,-103.415142863,-105.944655077,-107.267338745,-107.569671593,-106.768443301,-105.547807883
-99.403709157,-99.4643674059,-114.549844702,-112.338065044,-107.70624454,-103.854412774,-101.463764784,-101.86573534,-103.036727082,-107.303244523,-108.91022613,-114.016065626,-109.432370483,-108.921373932
-100.861515432,-100.901493579,-108.023985551,-106.800406887,-106.005156036,-107.609826868,-107.419249639,-106.608392026,-105.045938337,-107.22308883,-108.663302698,-106.344996179,-103.845265036,-102.529123853
-105.101158483,-105.225481635,-108.466736007,-113.440547007,-112.829842411,-106.890839995,-104.652686996,-102.406611379,-103.792306416,-105.313439339,-113.032179511,-115.168047543,-118.575155049,-110.99196918
-106.350707215,-108.496801998,-106.426621878,-107.415322363,-107.471151474,-114.841132064,-111.377252884,-110.962342996,-109.06906944,-111.584061821,-109.287844202,-110.491035575,-109.975326776,-109.650519666
-105.087307846,-104.869051254,-105.025953002,-106.811887993,-105.477697186,-109.221320154,-104.534648911,-105.61862268,-105.419681259,-113.374249793,-115.539446193,-108.891390511,-107.493552073,-103.965223255
-109.666905284,-112.699483172,-111.374731169,-111.038236984,-111.591044924,-109.577386491,-106.467991353,-104.450656174,-105.238315147,-107.470203821,-110.095719287,-107.739539391,-108.295463782,-109.302689552
-107.968378216,-107.147043668,-109.487447234,-110.278472918,-110.985827902,-110.630117616,-109.600845912,-103.384950312,-103.278539314,-102.35597091,-105.316742227,-105.230905982,-108.524225728,-108.1262387
-116.688744504,-115.265983173,-107.728068884,-106.342918955,-106.331440418,-109.723667646,-105.069117689,-101.205808064,-101.2309753,-102.911450129,-108.205598108,-107.447958348,-107.817004336,-110.189718906
-105.578626107,-104.320684918,-106.507617306,-106.477093106,-107.54453474,-106.072736241,-106.911727881,-105.888215586,-107.247208695,-107.914694476,-110.467058658,-108.119313194,-101.764932271,-101.483577696
-109.452868224,-110.635080545,-112.879823405,-110.915377606,-112.941411939,-110.949627081,-109.750395735,-109.928857575,-109.20957679,-111.081478098,-110.913013575,-113.670714776,-114.455731611,-111.079950359
-104.199831254,-104.286524308,-116.302665405,-113.304788105,-111.001751147,-110.060228882,-109.653307592,-107.814107766,-105.855232246,-105.551104858,-107.034281386,-110.762806725,-106.90832895,-105.053119887
-107.256750212,-107.718576483,-112.20735783,-108.980356918,-107.808874358,-107.702049694,-107.514820741,-104.585210086,-105.060798919,-105.559876949,-110.795600269,-110.613317228,-110.557230156,-110.312429998
-109.544745627,-111.234856109,-108.601179698,-107.494784614,-108.447917138,-107.731383682,-104.275423334,-104.307089603,-105.554926798,-110.059178608,-109.115936161,-108.134618267,-108.497876126,-108.274039255
-110.397735749,-108.77276014,-107.680217583,-105.043665681,-105.57497824,-107.141208152,-116.720291052,-116.476845008,-116.263162596,-112.018404664,-109.399560682,-106.729649571,-105.748441006,-105.56511906
-109.748645965,-110.706522431,-110.857151839,-108.096078146,-107.028218389,-107.114963059,-104.939604391,-104.988680792,-105.749445091,-109.735108298,-108.361957204,-106.694379517,-107.174015664,-107.202279377
