-112.055991191,-113.618860864,-112.782568088,-112.7949198,-115.604587884,-110.931428898,-104.956737792,-104.877500293,-105.481901684,-111.025797687,-110.724776687,-111.516089683,-113.718614895,-112.466601543,-107.503480894,-107.172481021,-107.012060499,-109.127631798,-99.8980320378,-99.883442817,-99.1137606793,-102.664812274,-101.065024401,-102.458057444,-101.34507328,-100.396880447,-100.194538918,-99.7918932875,-102.028922631,-100.8618025
-109.665422557,-108.915095497,-108.717881357,-109.585905316,-110.060273195,-108.750839113,-106.171974815,-106.344156383,-106.267697994,-111.946596484,-111.223986832,-113.981707455,-113.278281966,-114.293019874,-107.41248169,-107.138824934,-106.816752465,-113.312656933,-104.690595164,-102.396177858,-99.750857023,-100.740881148,-101.797051166,-104.751458299,-103.046957338,-102.518285156,-103.856950752,-100.060903927,-100.703460578,-100.595176774
-109.53782013,-116.149387324,-113.221218209,-110.501889252,-108.615214524,-105.031171944,-103.329834689,-103.792567743,-106.367441578,-113.874093491,-113.173102955,-113.880619891,-111.796324651,-112.06347601,-105.872636624,-106.2000476,-105.827589067,-110.598074154,-105.396482702,-98.9476401932,-97.4639430215,-97.2344219665,-99.859680303,-101.415345886,-93.6339363237,-93.7683003853,-93.9466581129,-102.969044342,-103.266404724,-103.117463137
-113.233986627,-117.564387161,-115.309721756,-114.926385376,-113.618549971,-113.481911777,-101.816283508,-101.819457871,-101.943691066,-116.938085305,-117.188333701,-113.224836621,-113.008267292,-112.631913117,-109.124544346,-108.524208849,-109.130810719,-110.179828716,-103.320430004,-101.58738972,-97.0405597266,-97.8466954172,-97.2694537305,-99.3976079978,-95.7318810946,-96.1936173829,-97.4729308503,-103.230281837,-105.283103593,-105.179461344
-111.541206043,-111.787180497,-109.63990156,-109.103467982,-108.981115018,-107.215155306,-98.7800565747,-98.5986545093,-98.8306611512,-108.704050073,-109.238511036,-111.286869343,-111.077041003,-114.979082566,-108.998552018,-107.871118207,-107.302602671,-107.764999786,-98.1553462609,-97.7033704192,-96.402369915,-97.5059989859,-97.752138505,-98.664753663,-99.4823392855,-99.8544580657,-100.643475688,-102.039588894,-101.675370066,-100.108090099
-109.136888505,-111.270100678,-111.357874044,-115.256667818,-114.327171064,-109.081654715,-90.212762874,-90.1906592425,-90.2026009823,-106.75932624,-106.853691638,-108.251189052,-110.906908063,-112.239040227,-110.867730449,-107.972591691,-108.784982744,-108.810504568,-97.6863420646,-96.9042353144,-96.5941040796,-101.101565903,-101.825675122,-98.1443910228,-97.4391823784,-97.9106104474,-101.557883473,-100.398418771,-99.2757510496,-96.4466179246
-106.827497172,-108.030255027,-111.094040489,-112.051160293,-111.81939876,-106.183746074,-100.26789393,-100.221591676,-101.051551731,-115.035301596,-111.08518698,-107.170908117,-106.93234137,-107.705996712,-108.905903147,-107.785853189,-108.097523728,-111.353697152,-103.053798045,-97.5357853042,-95.6342334633,-96.2088316214,-96.5428349321,-98.7488946674,-98.5587789893,-103.229118556,-103.386666145,-100.859057412,-101.653407731,-99.3878256058
-104.399422448,-108.552480517,-108.19020454,-108.619923764,-110.10210611,-111.768172716,-109.091196685,-108.748779221,-108.16864119,-109.073293695,-108.716032507,-106.022426228,-106.229628828,-106.094162105,-113.11347548,-109.958571388,-111.216256674,-111.222192047,-101.827426323,-100.669961978,-95.8262551919,-96.4586811416,-96.1044823915,-96.8915883547,-97.1215033611,-96.5712789707,-100.432036689,-101.29022957,-102.85232715,-102.282674269
-108.066024638,-107.893298011,-108.136399377,-108.067020226,-112.589438589,-112.133662646,-107.836215822,-108.519284824,-107.843709684,-112.901306148,-109.762479925,-107.944443315,-108.070154425,-109.894974783,-105.043972141,-104.564204798,-104.504316637,-107.929353572,-105.172781965,-104.147892448,-99.0531444423,-97.3522308126,-96.8924281015,-97.9650355104,-99.2328202843,-98.9006255573,-100.016179427,-101.402009371,-102.791404986,-102.08889242
-110.463855035,-106.517623089,-105.4388248,-106.152693661,-109.710607261,-106.556069613,-104.303241826,-104.522447306,-106.893021093,-110.353253364,-107.422335803,-106.707508798,-106.967040609,-109.152725748,-100.239445948,-100.368599076,-100.242966405,-112.491130722,-106.472801912,-103.538101108,-101.108775891,-100.856338431,-101.014719482,-102.146491354,-99.7693477707,-98.8344476771,-99.3392926216,-103.035413596,-107.749204905,-104.423175974
-105.894836403,-104.403038087,-103.709014164,-105.270829508,-108.249780815,-110.593783415,-108.182829104,-108.128202084,-106.816856313,-109.840456622,-111.123425733,-112.109949125,-109.483155823,-108.881826864,-105.853906941,-104.625256384,-104.904316507,-106.826918886,-102.012810256,-101.739902389,-99.4493229115,-101.160503111,-97.0405127641,-97.7221937063,-96.4415834021,-98.1309761666,-98.743821255,-100.317761504,-102.578432119,-102.887241684
-111.269728243,-113.465639777,-113.675653683,-104.802929032,-104.172793124,-103.371759799,-107.356107763,-108.759591325,-106.241092774,-106.790117752,-106.422679115,-104.370899779,-103.084079362,-103.252765065,-101.245281101,-101.955351495,-101.974128231,-107.63395662,-107.088139327,-103.083955912,-103.904924276,-101.380997053,-95.9915416713,-95.950939425,-96.4362347061,-99.6707999053,-99.7652425494,-99.2100115484,-105.164439409,-102.320823008
-111.455815316,-109.81209764,-108.428558204,-106.159103405,-106.456969589,-106.984480344,-108.120844579,-108.416727082,-106.158911626,-108.377443952,-107.575231924,-110.223388874,-110.536277016,-112.198458691,-108.73482329,-104.48749237,-104.480747476,-105.520838476,-103.001129895,-102.488146046,-100.91046151,-103.353703815,-103.824859421,-105.915166762,-99.5675563832,-97.8308331843,-98.130051175,-100.800035725,-103.359981439,-101.918514288
-106.251502778,-106.214703353,-107.616953407,-106.968719905,-105.694946211,-105.808999423,-108.084710814,-109.606413935,-108.896878981,-108.325818319,-109.476519405,-106.8372447,-106.539049758,-106.692802745,-107.774555337,-106.601154105,-106.806856625,-108.6739768,-108.927703142,-106.334272799,-99.6841768074,-98.5136894252,-98.2070929148,-100.982370024,-99.017920903,-98.2396353831,-98.6380606969,-102.510845693,-105.93702245,-105.830414195
-108.671093324,-108.111581487,-107.756105762,-108.827452492,-112.161616974,-108.872168068,-107.859107577,-107.335394491,-109.178837549,-111.175554962,-113.063515957,-114.974946256,-115.369553133,-112.650453115,-103.977819843,-103.721809313,-104.010194224,-110.217937268,-108.614168521,-108.87100904,-105.100947362,-103.315234713,-101.92411936,-103.304259304,-102.45903805,-103.283449162,-103.812349807,-108.484212928,-107.902013943,-105.789029156
-107.539313018,-106.904791918,-105.569616249,-107.540782369,-110.142225505,-113.987829739,-113.384842226,-112.504186928,-109.05761584,-109.193234852,-108.755746397,-110.954355464,-110.796266852,-110.509992545,-101.244583585,-100.797562238,-100.941078339,-107.308482834,-106.924602602,-106.398212777,-99.1437197926,-98.4095321248,-98.4944105832,-101.719823484,-101.593313731,-101.427614325,-103.280797283,-105.853620206,-105.485383681,-103.408935966
-109.235617111,-107.912945997,-107.904844752,-108.153779943,-109.054129233,-109.781020742,-108.140533207,-108.093779747,-107.263609551,-109.452230323,-109.358348445,-111.022142061,-107.987478763,-107.665867114,-104.367767183,-105.743247081,-105.326657797,-110.107493073,-100.059024744,-99.5298504561,-98.2110609509,-101.950122567,-97.8762696789,-96.9300969081,-96.7937194935,-99.9506320682,-105.89537691,-102.233689774,-102.07274498,-101.876354777
-105.253941803,-105.237194359,-104.999880132,-109.02045763,-109.157924241,-111.288795692,-112.85031178,-108.958342206,-104.729834835,-104.439251425,-105.903217631,-108.947152139,-110.644273601,-110.243153838,-102.916589948,-100.844827764,-100.689238606,-104.467689838,-104.408298877,-93.8215474449,-93.6582608127,-93.4907348742,-89.508972364,-88.7347804437,-86.7670236235,-89.7469978663,-90.7735350718,-104.315425994,-104.662044931,-103.380558714
-107.539861052,-109.076629169,-111.55479393,-109.617183994,-107.892979641,-107.052075742,-105.897659055,-107.002024076,-107.698966687,-110.017767431,-107.435130394,-106.766405954,-108.05888029,-109.136117745,-98.8457162382,-98.737176725,-98.8217507533,-105.39866916,-105.3550484,-99.9573273775,-93.9530285112,-93.1012852941,-93.0129394002,-94.114908034,-92.7841701721,-93.5077106997,-96.2670029223,-101.651249031,-101.518055548,-101.477100291
-107.706323748,-107.5161479,-107.08781964,-114.190439486,-113.504659052,-111.769653732,-109.489945319,-108.390980786,-104.564825982,-105.071867491,-104.947360554,-107.983611473,-105.032098467,-103.751753417,-96.8974891018,-96.9607958942,-97.2926164696,-106.40708684,-104.342111615,-102.807593,-95.7358548525,-95.2185352379,-95.1739932822,-100.221551153,-103.54503286,-104.175010186,-105.538374164,-102.990449683,-102.285177876,-101.782568183
-106.112867285,-110.125119919,-110.698742833,-108.510475637,-104.926976911,-104.631101299,-104.116732825,-108.277839907,-107.302666461,-108.258859073,-107.802794117,-106.200758273,-106.995572444,-106.210354215,-102.13591735,-102.277788292,-102.648997335,-112.727861338,-97.9290775373,-96.7435058376,-96.7833522523,-101.778378244,-98.6648852842,-97.6966671767,-97.2267382452,-99.6465903414,-100.832027075,-101.651691532,-103.335010338,-102.136859179
-109.138899709,-108.614632846,-106.589678913,-107.951768266,-107.433712603,-110.616870066,-111.226027323,-110.912643651,-110.695843478,-111.07746757,-114.271970152,-111.438880861,-111.857835662,-111.945783712,-118.343221917,-115.034902225,-112.470108814,-111.882871708,-111.730061651,-104.266517374,-101.751088082,-98.5399682891,-99.2309964982,-98.7855944698,-100.041701543,-98.4506966793,-99.361755674,-97.7307597125,-98.595187215,-98.6989253138
-104.399288188,-106.403838226,-107.701942383,-110.878894516,-117.086696395,-115.255650705,-104.960974774,-104.112895254,-103.585446246,-108.478666749,-109.391108732,-106.678025051,-106.083674533,-107.079146679,-104.959471232,-104.978116199,-104.041674595,-107.795299744,-106.683497098,-105.970679306,-99.5568896,-99.1526651795,-98.7236102632,-100.281749857,-94.2571882264,-94.2411853176,-94.8562828699,-100.200404823,-100.644641664,-100.355002677
-107.979082618,-108.206710856,-112.126566763,-111.495680663,-110.310244199,-111.363330292,-111.935465854,-110.491108474,-109.735294619,-110.464877742,-110.764190288,-105.12756884,-104.933143645,-105.156679769,-107.670584188,-106.059927555,-106.172571241,-107.456768496,-101.255017281,-100.818087605,-96.3177182096,-97.5609399249,-94.5537467138,-96.7095930369,-96.3937076032,-98.8343193411,-99.4428779468,-98.5867528922,-102.194517128,-102.248211133
-108.235985264,-108.614841251,-108.504612331,-112.337824934,-113.967546421,-107.805349142,-106.783518716,-106.68550958,-107.672237536,-108.984441027,-108.473034113,-107.15248759,-107.189099055,-107.316546032,-106.007928236,-102.923002754,-102.559243725,-103.20279256,-102.686711999,-101.683444853,-100.436801883,-98.8167078713,-96.1152429363,-94.8331033459,-93.6536087694,-94.9053124422,-96.7624562553,-101.599316125,-102.023295695,-101.871293363
-108.117803088,-109.646392451,-107.764445812,-109.170465336,-108.93096328,-107.807776409,-107.451324557,-108.408904592,-111.741440985,-111.123493516,-108.808872496,-108.749708096,-109.296430195,-112.062216757,-97.6764211068,-97.0376676935,-96.9822363138,-103.66715006,-101.615862498,-100.039702767,-97.3772485003,-98.1266838563,-98.2233962606,-99.7068474781,-97.581052369,-98.0263297562,-99.6643708782,-106.913326711,-108.745693006,-108.599572859
-104.748725084,-106.479686577,-105.968579685,-107.171762581,-107.84859898,-108.614152661,-107.358327324,-106.992510063,-106.406679683,-108.85620853,-107.224493396,-108.923873465,-107.958555312,-108.092667987,-108.239918521,-109.964914162,-109.075784846,-107.800482668,-103.158153996,-101.343397021,-100.063184294,-101.520666397,-100.733001754,-100.03374176,-96.8806381173,-97.6210187695,-98.7450813205,-103.488513719,-103.623808836,-102.32384151
-105.447606662,-104.748815075,-105.233323049,-108.689490142,-111.8364951,-109.146414591,-106.15292236,-105.252808749,-105.837875567,-108.301251482,-110.397470074,-111.470463975,-111.262826617,-108.520921944,-104.94658685,-105.113243191,-106.110758228,-106.486621362,-98.9512036552,-98.9654330597,-97.1217441568,-98.9392029783,-96.8029709056,-97.3575392901,-98.1063496261,-100.256103041,-104.923690844,-104.49157632,-106.920404043,-105.189676399
-103.242093261,-111.390221387,-108.500559308,-106.890792027,-107.684728319,-107.37849759,-105.790518372,-105.379020032,-102.326020944,-102.386436117,-95.4291603083,-96.0388224229,-96.1719380785,-102.374547844,-98.9257496968,-96.8516987201,-97.9502791764,-100.137053305,-103.253328759,-103.024948822,-102.891754916,-106.917113317,-106.172410789,-108.453610903,-105.088082961,-106.445057299,-106.234491528,-110.883939634,-105.566423005,-104.003725834
-104.188558657,-105.714520303,-107.683912961,-111.213539764,-111.831161381,-110.124091531,-106.942554968,-106.544078697,-106.258639423,-108.441489516,-109.842223862,-111.558153445,-110.455320192,-107.812168533,-104.000191785,-103.72537653,-104.485767762,-108.182013945,-98.2417438213,-97.5882102649,-94.4807607294,-95.6263926064,-94.4458717506,-96.0320596589,-96.718737016,-98.3806869925,-101.412889093,-101.515644792,-103.882204795,-102.831349159
-102.116721784,-106.133540712,-110.701277491,-114.001242123,-110.137278974,-109.480852765,-106.670407024,-107.405347344,-106.348086957,-108.228579242,-108.967639648,-110.970442114,-109.008774149,-106.71783383,-102.998677006,-102.201087398,-102.781043086,-106.722952086,-97.3101902551,-95.5231305845,-92.1195285806,-92.8937543331,-92.4680273495,-94.7860122672,-95.3531263698,-96.5978179585,-98.6897253522,-99.1053692594,-101.468019175,-100.937954968
-105.464289659,-105.010199186,-104.822106105,-108.657638012,-110.258010798,-111.430153521,-110.37143916,-107.65042246,-107.398214794,-107.440349976,-109.626556506,-108.975674291,-107.947270652,-109.164654886,-105.527942128,-104.977440944,-104.581764915,-105.821477851,-105.048170237,-101.375440555,-96.3590940677,-95.6296124184,-94.7339516471,-95.7786238891,-93.001234041,-93.9605499207,-95.1493946166,-107.339402375,-109.356195355,-100.330618255
-99.4230990987,-107.716458823,-107.939811772,-115.134651104,-113.08580511,-113.267908033,-114.384224252,-109.171852349,-109.772542989,-109.614345134,-113.844384524,-113.007239957,-110.657515438,-109.969066733,-107.752591411,-100.253113249,-100.345095148,-100.132104411,-106.252290302,-99.5652909728,-98.7143447851,-98.0075057482,-100.02049926,-100.573330082,-101.720798856,-100.536843931,-100.042076729,-100.414364579,-102.253894574,-105.62424779
-101.531337055,-104.352899464,-104.418521103,-104.362275851,-109.331610813,-110.187989736,-110.661726902,-109.575631527,-108.615359549,-110.207204342,-111.429662433,-111.586162029,-108.958140134,-108.679311928,-110.635861779,-105.078317522,-104.804441916,-104.437977746,-110.164883792,-106.116814293,-104.334224522,-104.42821957,-101.001165536,-100.93416389,-100.717326678,-103.699921482,-103.28127194,-103.046296507,-104.631942645,-107.92112102
-102.374034202,-107.471971122,-107.692760444,-109.030059305,-110.227465429,-110.492153287,-114.92714562,-117.873187905,-108.508191992,-107.8369535,-104.657907033,-106.105943363,-104.975570977,-107.879640622,-107.848553376,-101.562756466,-101.681264956,-101.746829841,-110.088516023,-107.552762023,-107.581252609,-105.157237635,-103.440937552,-103.52289546,-101.987775024,-96.4338397645,-96.434172904,-97.1244163448,-109.014265497,-107.341870123
-99.2259652808,-109.948121043,-107.88572976,-108.095002131,-108.187052694,-107.398068406,-107.175823941,-107.712631513,-112.030956048,-109.440306702,-109.269944468,-108.395075721,-105.846866442,-104.547694881,-103.99587775,-106.794209954,-109.462394509,-115.142779793,-111.583002145,-106.28713534,-101.93039065,-100.481079939,-98.1208616308,-97.7917542214,-96.8193966693,-93.3105668231,-93.708522073,-94.4307539394,-105.855667029,-107.89778375
-94.9014374258,-106.382280577,-107.310462945,-107.19530472,-113.367675461,-113.114170944,-112.221585752,-104.955998373,-104.264227613,-104.53737267,-109.229418322,-111.809187731,-110.736111078,-111.947497338,-109.682389643,-107.222054329,-107.340154639,-108.584850919,-110.706807586,-106.074024403,-101.968263476,-97.2258331807,-96.4120011617,-96.1111202808,-99.0427359986,-99.4060135948,-102.06553269,-102.674863918,-101.196172,-101.290492679
-95.9536559087,-103.249368947,-106.813455732,-107.836568884,-110.104825879,-109.952173634,-109.904946642,-105.564907427,-105.599478759,-104.5544405,-109.099057502,-107.713231001,-107.142978444,-105.440181332,-105.960827901,-98.9838870859,-98.6244902296,-98.1716247052,-103.978178409,-105.854840949,-106.000114344,-100.373372728,-98.2860478132,-96.8458019006,-97.9149405801,-99.8573837533,-102.826102691,-104.288282784,-103.954993778,-105.046477093
-98.6400352511,-106.312013489,-105.576028204,-108.74623478,-110.294593689,-113.103717471,-112.735042109,-110.631173276,-109.849158586,-108.480047025,-107.46175397,-108.204208837,-109.268972473,-108.190489791,-108.226270123,-100.628767781,-101.001747252,-100.854856044,-107.312342584,-104.303068407,-104.065923634,-101.892399259,-98.7197912217,-98.5600821859,-99.5760007195,-101.405780077,-101.886432176,-101.802515746,-102.964308913,-103.011604423
-95.5431184673,-106.553092837,-106.381328948,-107.891211146,-108.154878943,-106.970920788,-108.46223462,-107.28706872,-110.95588118,-110.163601113,-112.813941677,-113.639358414,-112.494553733,-106.332866067,-105.808293735,-104.640381309,-107.476409554,-105.993464827,-108.70053449,-102.793770425,-99.9650634317,-99.7684284918,-98.8763049144,-99.4837716725,-99.3033886531,-96.986005841,-97.8903329047,-98.1617782935,-104.718008469,-105.244811112
-101.805537398,-106.703451116,-107.190675521,-106.577770792,-108.992946105,-106.753038771,-105.306591371,-103.626137002,-104.065493063,-105.595832549,-107.650699245,-109.024633354,-105.998056841,-106.701642822,-107.257309117,-107.032061209,-106.601102206,-106.412872337,-113.614613904,-111.202912734,-98.3972195142,-97.5392794913,-95.8378146831,-96.6485216283,-95.9131112561,-96.5553996881,-98.7437040264,-101.729639603,-102.569874279,-102.196207994
-102.795594713,-106.34193559,-105.953351022,-107.82124702,-107.99904481,-112.916713593,-110.274962015,-107.606097587,-106.155520569,-106.718533812,-108.527066045,-110.979580502,-106.710533733,-106.727389563,-106.592360769,-103.584414392,-103.750566614,-103.461428611,-109.487045467,-100.290690293,-97.4441233811,-96.2539939529,-97.3831627994,-95.5177714679,-95.4814688767,-95.887926308,-101.552967527,-109.391004028,-104.915178233,-103.667041284
-97.6922035985,-107.92445525,-105.684143947,-106.232870313,-106.655793808,-112.200583387,-107.233336066,-108.200958904,-107.604957671,-112.080495281,-112.775734831,-112.145255033,-103.356206907,-102.99275772,-103.006619108,-108.711858725,-107.904868552,-107.712568745,-108.606965554,-106.533996162,-96.6401816042,-94.2728831498,-93.6135770361,-89.0771751758,-89.6081222995,-88.7378561939,-94.3149336998,-94.5033720914,-101.320257672,-103.601943035
-103.884753482,-105.642515062,-106.319499065,-106.402971049,-111.594264163,-111.544758041,-110.463352265,-110.534234207,-111.506638394,-111.371630667,-109.935090964,-110.599085319,-110.255144533,-112.751226406,-108.922749672,-105.415921737,-105.433701368,-106.050248818,-109.477932872,-94.0409516568,-92.0404616605,-91.6546897415,-94.025550685,-89.2708704574,-88.6072347031,-88.0600849418,-92.6255095952,-95.3738226043,-104.451074038,-105.062289384
-97.5764277705,-108.847599846,-110.351512592,-116.976466988,-116.425589617,-112.012441564,-108.173747447,-106.876473472,-107.816425248,-107.737440008,-108.548054622,-106.764672629,-107.186518649,-105.184263967,-106.27120551,-100.684705713,-100.226334027,-99.9559421871,-105.033187237,-102.615974721,-101.828957886,-99.1933944801,-100.180569891,-96.1099142286,-95.4271246134,-95.4261027432,-97.3166350879,-99.2844255731,-97.3406909172,-99.2297000285
-98.0208222345,-106.194270592,-106.534537658,-108.156001833,-110.900000149,-113.403557761,-109.0079334,-108.309723447,-107.738948016,-108.478938997,-107.022059198,-107.599584958,-105.249849664,-105.208639113,-102.428965881,-100.896804278,-101.215332155,-102.562615954,-106.9593918,-105.365851764,-106.15521326,-106.037598834,-107.769863468,-98.7665934388,-96.0864936022,-95.3629573414,-97.3542242051,-101.798666636,-97.3907131585,-97.6362424995
-101.215160318,-107.237834933,-107.483339732,-107.090574603,-108.283648193,-110.83989441,-110.182615365,-109.382266235,-107.259585602,-106.374180832,-104.815810261,-106.60910696,-105.218312492,-106.164800606,-105.244957019,-100.478069998,-100.135341328,-100.357189413,-106.177500215,-107.028553833,-104.551733565,-100.578192673,-97.3483509461,-95.9387929239,-94.8182352336,-96.1333619713,-97.9694215956,-105.397988178,-100.368486591,-99.9578868295
-102.476960743,-106.203224106,-109.37788013,-109.486502669,-117.092505663,-116.034852833,-109.066326168,-106.47150252,-106.56460775,-106.710996745,-109.079831144,-109.463757949,-110.382925736,-106.374730745,-106.286734439,-102.609570981,-102.750616247,-102.22247221,-105.798579978,-97.7146759351,-97.3447435086,-95.3761454852,-97.7488328899,-98.1140367216,-101.231028435,-93.5593502039,-93.5031659813,-93.6456907236,-99.7509316422,-100.370356345
-102.755213317,-105.853972723,-105.437879545,-106.209401912,-107.290012262,-106.825764248,-104.933382428,-106.570007677,-106.900577558,-107.256211361,-106.179467947,-105.901704804,-107.667788413,-108.98920614,-112.136544836,-107.695832318,-106.925054789,-105.789488071,-108.161313752,-101.257633931,-100.172149188,-98.2956067877,-98.0789532577,-98.3332114928,-96.4606616059,-97.7919603369,-97.5378585091,-103.51360104,-98.0671772533,-98.814820912
-108.817370998,-108.62508198,-107.291579039,-104.64016682,-106.027286248,-106.420868028,-109.701901621,-105.835581937,-105.475797227,-105.046347375,-105.141003967,-104.80042954,-103.787561815,-105.723156448,-106.620312882,-110.975439454,-110.529949203,-111.519431713,-106.178834613,-102.953427713,-100.523753759,-97.6998977038,-97.6988207231,-98.7732476193,-99.072415395,-96.1509581315,-95.6029012,-97.1778041795,-100.259373474,-102.070576199
-104.094602055,-109.247444544,-108.99969192,-109.19627012,-109.604020195,-109.418225871,-107.036883664,-104.82942225,-104.743551771,-106.836505697,-109.248898862,-108.066520156,-106.013385245,-105.765274937,-106.908450317,-99.758296016,-99.9945571116,-99.9048836172,-110.825392394,-97.7432145297,-96.7640433899,-95.6967576354,-95.8655399742,-95.1593942232,-93.7864354008,-95.410748798,-96.6778924152,-102.75790759,-103.575017361,-104.885155913
-99.9121661641,-113.079394011,-110.957233696,-109.388437055,-108.148737752,-106.077358683,-107.674586777,-106.545532109,-109.536936197,-108.554883156,-112.324170084,-105.999656631,-102.74147207,-102.315308982,-103.481417374,-107.53903719,-107.607196496,-107.826340096,-108.089672456,-103.383209855,-103.475240735,-100.869809106,-100.896981548,-99.8416815743,-93.7094559769,-92.9823690917,-93.1975267821,-99.1651259243,-106.710896432,-106.712383108
-96.5207542831,-106.488436579,-113.774431634,-113.019883882,-112.354613187,-114.44871968,-117.444269154,-109.438586934,-107.683545214,-107.071578456,-106.982086525,-108.069451503,-106.015212076,-106.82969604,-106.893288601,-104.418110711,-104.539033959,-103.698320457,-106.092797488,-98.0683853324,-96.0729310625,-93.2534762744,-93.5941487378,-93.4469811462,-93.620798566,-89.6874816988,-90.1745650644,-91.0632744323,-99.954410876,-99.5180268966
-96.0640343011,-105.614344202,-109.647657815,-108.317313826,-107.769657316,-107.822592592,-109.292736623,-106.989702216,-107.98267792,-107.033655047,-111.152126029,-108.950363592,-110.033613728,-110.490445679,-116.462875116,-106.908712027,-106.705548864,-106.588037014,-112.597695546,-104.669904476,-101.177911931,-99.0047565147,-99.1578545737,-98.8840169213,-98.5604078232,-97.0439633333,-98.0749361297,-99.8737436336,-105.84363681,-105.846897719
-102.177748952,-115.157851086,-109.302031972,-109.536949665,-109.829573958,-115.10422559,-112.693920766,-112.550175999,-111.88468944,-113.79616631,-110.26459025,-109.726223667,-107.327895952,-108.719038177,-109.970164169,-107.911676436,-106.495546663,-106.284435317,-107.129289058,-98.5378774631,-96.5851762624,-93.9504788752,-95.4034682819,-94.1216881336,-97.096839854,-96.852364326,-105.304172002,-105.182559396,-103.08474748,-103.187285293
-95.4815732543,-111.736749187,-121.045857865,-115.640492039,-111.049215642,-109.158183422,-108.235228477,-109.252644648,-109.179286395,-108.633763423,-108.803710086,-109.79844915,-111.958222249,-110.87779326,-108.884594564,-101.229440687,-101.136677809,-101.486862359,-108.994224804,-104.529917982,-101.334073248,-91.1792483248,-91.139825658,-90.4954724937,-94.4069102379,-94.7342913083,-97.5031378429,-105.471351441,-104.677808579,-104.589010481
-97.2386870828,-111.061327014,-111.659974758,-112.097773548,-112.80957624,-114.711973566,-115.389955096,-111.873138406,-110.758772414,-111.319733241,-112.413976998,-113.438972985,-110.849346147,-111.174599556,-112.246282057,-115.059951124,-108.929582068,-107.197064178,-107.147159076,-102.829884133,-102.112537944,-98.2948177328,-97.3565113371,-96.9147305678,-94.9761161167,-95.4128618925,-95.9133153071,-102.138103162,-104.539863064,-104.622662378
-108.431719603,-110.092564299,-109.604302512,-113.903737222,-108.185166667,-108.820199943,-107.334005777,-108.782128872,-107.728839659,-100.556882175,-93.9781042433,-93.5047110816,-94.2733937593,-101.008931606,-102.681934695,-99.6134177322,-97.1436745207,-96.9281291635,-98.2477381118,-99.7171722745,-100.732517605,-100.345322271,-104.248947571,-104.675829853,-106.607635761,-108.010724565,-109.897325405,-111.632423454,-112.547331917,-113.845748823
-96.4616074439,-108.665833942,-107.112983012,-108.74392376,-109.008746677,-112.985533181,-112.195725929,-111.14638582,-107.834711582,-101.224430703,-96.222700993,-95.2826917222,-96.2605165979,-100.16528262,-97.3528454561,-96.4856458284,-96.4853602592,-101.453578459,-105.187699289,-101.106713947,-101.168811803,-101.024617499,-107.953998917,-105.418790051,-105.732580879,-107.993468957,-109.254993484,-110.312717748,-109.201593114,-114.512588911
-109.142938933,-111.05222312,-106.67484179,-105.912510685,-105.446397792,-108.731747723,-108.569158423,-106.487190161,-106.470845775,-104.989649842,-102.797553353,-99.0497147339,-99.4439733004,-96.1570070635,-97.4359146823,-94.3548373643,-95.854251802,-96.0113339127,-102.106133732,-104.631413227,-104.801817,-104.385177885,-109.21829924,-104.42552762,-104.940710384,-105.174323981,-99.5445665791,-98.9537702635,-98.9984984226,-106.638645427
-107.610687567,-105.7709652,-107.177082884,-107.838688229,-111.2284997,-111.932657433,-110.389168172,-107.948184823,-101.642579128,-97.9896026634,-98.1372813162,-99.9342902862,-104.970758318,-99.4286752943,-99.0452569957,-97.9068917493,-97.9071536796,-98.1308603964,-98.7570029359,-103.005635386,-102.7348616,-109.029884907,-103.705462693,-104.16091728,-103.796078355,-107.289159799,-103.602787795,-103.187677101,-103.716821524,-105.708257192
-108.246988285,-113.435377588,-106.790850937,-106.617849983,-105.375816764,-109.349684069,-109.975201381,-113.465333947,-111.769654721,-101.798907104,-99.7422144267,-98.620624516,-100.740893432,-101.187063466,-97.9358967072,-96.852404212,-97.4046435736,-98.3752814653,-100.133097325,-97.2370028929,-99.75729014,-99.3447098666,-105.643361978,-105.55227892,-107.462405172,-107.563611753,-106.372605176,-106.791247515,-106.203474458,-106.69502436
-106.960474584,-110.431057211,-110.185399072,-111.158812999,-108.759713259,-108.278821908,-108.581484886,-111.898168402,-112.109177785,-98.7217860466,-97.5779760459,-97.1484743864,-101.926987092,-106.073288424,-101.71125981,-96.9378113343,-91.3032843123,-91.571480337,-92.4878665215,-99.6837313487,-100.543405714,-100.177223677,-107.828591065,-106.809282201,-109.363483631,-109.332543847,-100.210694604,-100.2603873,-98.472302136,-102.10876294
-105.810442926,-110.190521074,-105.908460822,-106.961999167,-106.550426981,-110.090330005,-109.513776273,-111.133115357,-112.227544966,-97.458784974,-97.4509781017,-97.4588123794,-109.788392604,-94.3631814153,-94.061233666,-93.9488020916,-98.7177012796,-96.3924618726,-96.5528698818,-96.2159051463,-99.1501180107,-98.8417877752,-105.947404619,-103.750674304,-106.036082528,-105.064773727,-108.330500798,-105.593920236,-103.512061847,-102.838457598
-100.679736947,-112.582957721,-108.337271237,-107.755160817,-106.350696628,-107.559053201,-107.079463023,-110.825190503,-112.259105938,-110.628539831,-102.696733929,-97.6348035583,-97.6677654374,-98.06853763,-102.74540464,-100.774445971,-96.6655850943,-95.2029647184,-95.7240384407,-97.5705871558,-101.411032336,-99.5267183548,-102.941730879,-102.653666538,-106.881284081,-108.437655376,-105.467553028,-104.100981939,-102.702407617,-103.821783923
-109.11077185,-110.847283702,-108.376061291,-109.276399214,-110.570208015,-111.677140642,-107.705956462,-107.732253345,-107.267204198,-108.052446969,-102.425893754,-102.349081054,-102.930699364,-99.5715555599,-97.6636452906,-95.1474531557,-96.6024119188,-97.4246497008,-102.312227314,-99.4407355,-100.560405285,-99.8163945038,-103.942810599,-104.179191328,-107.428538221,-107.618783787,-107.621966408,-108.882176293,-105.922023407,-105.682118381
-98.1258628383,-107.892695035,-106.985828009,-107.114463453,-109.124669376,-112.387142516,-111.609720269,-113.834022158,-109.55020617,-101.210913141,-100.6742978,-96.7669825726,-98.310190759,-98.2492251097,-102.999206922,-102.491350229,-101.457295382,-100.209903011,-99.6224269411,-99.0621708837,-101.449363683,-102.3972517,-105.268542215,-104.698155788,-104.955868301,-103.234674059,-103.192037289,-103.490508139,-104.041989509,-103.905647432
-105.262340664,-106.216363517,-106.131026684,-106.563419553,-108.009657811,-109.524653667,-107.951892855,-106.776441921,-105.944184508,-97.8656514844,-96.8017505012,-91.8039091292,-92.8910494506,-90.2530135829,-92.849057589,-91.4702808703,-94.6213703571,-92.7054028548,-94.6851581348,-95.9766448114,-105.088645447,-104.319439137,-107.941631732,-103.295847266,-104.168920379,-104.021728676,-107.144455975,-107.006144323,-104.374146282,-104.889377854
-101.648664454,-106.493591029,-106.016118619,-104.87449295,-103.834960691,-104.192335176,-104.578606094,-104.17767537,-105.752265455,-95.9451188908,-88.3152445299,-87.091100479,-87.646320787,-88.9638761386,-88.146066204,-86.4743430992,-85.2708446912,-86.4809898208,-88.1212071774,-103.260107498,-105.093492283,-107.415633379,-104.614732423,-101.923002913,-101.792950273,-99.9642931141,-98.7649236334,-98.5179439485,-100.312064855,-104.893094457
-110.53084729,-114.004156071,-113.798078497,-113.773345656,-110.937422379,-111.356317498,-108.897702699,-111.27845615,-106.427032508,-99.307644996,-93.4355552348,-91.9225905014,-92.6438158214,-89.0944254443,-89.6755083944,-87.7887577651,-90.876003772,-90.7803031732,-96.0040724885,-101.008195147,-104.311022116,-104.370839814,-102.353453159,-102.720099643,-102.405972519,-100.356752856,-101.462527156,-101.716199724,-101.939075429,-101.958462334
-104.350914122,-105.190037155,-105.446265912,-109.588900789,-114.185107095,-105.738543472,-105.429487616,-105.766506639,-109.041197177,-93.7307087808,-93.3865562346,-92.9466683906,-99.8633612908,-88.8698240258,-88.7123104365,-88.4465574689,-95.1124988936,-96.9314150317,-99.5908884124,-109.094383225,-108.441012265,-108.139332947,-110.501694989,-107.957910247,-106.503510057,-105.101626414,-101.661393584,-102.089193622,-102.373017107,-107.545406391
-100.039638304,-113.468455155,-111.594394181,-111.244091387,-108.23994627,-109.246541798,-108.528330937,-110.404239772,-108.444961089,-98.7176586179,-97.4141796668,-96.3107966744,-99.2958955669,-85.1659282151,-85.2390490806,-85.2449178115,-99.7797213746,-99.9505836164,-99.8214458109,-100.533726403,-100.267128036,-100.483409437,-109.498330222,-113.998481501,-113.324298048,-112.230875379,-100.309809518,-99.55058087,-99.5342482764,-105.646237607
-101.69355085,-110.099893501,-109.353150011,-114.831530124,-114.296209392,-118.349548564,-111.594173289,-110.139679893,-109.593157151,-101.03793564,-99.2089205959,-96.666356078,-98.1272856283,-93.5323402917,-94.4058709396,-93.6391129631,-99.7120982819,-96.521563493,-98.4381907648,-97.7650132792,-102.906092348,-102.793120358,-106.623075622,-110.550918704,-112.184471215,-110.167021508,-111.750925814,-112.401611585,-118.070629162,-114.853919337
-103.071761514,-112.523107506,-113.985990019,-114.173165085,-114.283013878,-118.406433781,-121.790028595,-122.278662484,-114.984354936,-106.990616005,-106.190530135,-104.065185272,-103.691897305,-102.505969546,-103.396369866,-100.597824235,-99.6361768149,-99.7327913399,-103.436982696,-111.072856256,-115.103285597,-105.942568735,-105.949690928,-104.800590835,-109.980503452,-110.330599724,-117.735460342,-104.324246086,-103.138188386,-103.165566601
-99.3155162314,-112.708158318,-110.877361941,-110.568117404,-110.359531947,-114.586165122,-112.622708723,-113.866322426,-111.994417857,-102.769249567,-101.347418345,-101.183789548,-104.094796285,-107.409933128,-106.394310622,-103.153848847,-100.360937857,-99.9906029595,-102.042588788,-107.257322289,-113.049662607,-107.956759234,-102.810816601,-103.113258309,-104.225838962,-119.362694427,-119.039652248,-101.475416591,-101.06750978,-100.782553608
-97.0278991393,-116.871129491,-114.375775023,-115.876132827,-116.661941124,-113.471283621,-110.314678562,-110.221419952,-112.699098326,-121.579475653,-106.650254183,-105.597742861,-105.599693581,-102.101729161,-101.115908724,-100.72988682,-101.658401721,-103.101841672,-103.708257439,-111.607271507,-110.83811763,-109.46665104,-102.398012358,-102.603505773,-102.834707334,-115.031041737,-114.248336882,-109.727589428,-104.711857759,-104.718881857
-90.0795164251,-113.817496248,-110.028795157,-110.564763528,-111.566695557,-118.288768741,-118.353210923,-114.960575255,-115.595001566,-105.727058881,-102.921025021,-102.716068057,-101.054768305,-100.430609692,-99.0000029386,-100.47696351,-99.2578101436,-100.11368401,-100.759533805,-107.182450549,-114.285568471,-109.788015225,-103.487454648,-103.417516354,-103.740773089,-112.499558731,-113.379316989,-110.955101749,-107.521443321,-106.993642962
-105.523615966,-112.434088969,-114.02774896,-115.982868706,-117.542480527,-117.466432014,-116.433631744,-115.138047997,-114.013649883,-110.780144069,-106.225332472,-103.220751945,-102.854371478,-101.766983998,-102.322532509,-101.761101228,-100.484384097,-97.4850270121,-97.9243403171,-99.676117259,-109.284442992,-106.561106566,-104.593118054,-105.717833989,-107.089062082,-112.643629643,-112.512624186,-111.513955081,-110.633854738,-110.231626204
-102.912563398,-112.01693901,-113.354864816,-114.309348984,-114.295574215,-113.217647517,-112.190051788,-113.959576306,-114.054781531,-110.777484118,-109.724834873,-109.945371587,-111.55917925,-105.707139892,-101.79596467,-101.918658761,-98.6340809089,-99.4534314263,-99.4521782753,-106.241894295,-109.787706017,-106.472039071,-106.626384122,-106.986153413,-110.83930742,-113.063257689,-112.883202199,-102.745043107,-102.187869043,-102.258321233
-96.5600010346,-116.1859385,-116.798352272,-116.054164212,-116.555763972,-111.057743012,-108.079670796,-108.165268945,-109.782868955,-111.901967463,-109.307030457,-108.544659842,-105.365854177,-106.215169431,-106.161540554,-110.055169019,-96.3852152296,-96.4070432047,-96.4706015568,-112.493875115,-112.406412484,-105.823467678,-101.503966511,-101.58020277,-103.266136229,-114.590468907,-113.108127961,-109.704722948,-108.705133181,-107.762314754
-99.4382382212,-107.755074443,-106.23702501,-108.68264026,-109.147481836,-114.388071394,-114.135279748,-112.784119792,-112.64903094,-112.466699146,-113.591796728,-116.667218116,-116.612730541,-113.693678867,-111.368511622,-107.585799013,-74.6061410649,-74.606336743,-74.6076343588,-114.008512686,-110.978916747,-78.3129002993,-78.3130818823,-78.3144409352,-111.60820143,-111.304290654,-89.0479495535,-89.0614105022,-89.057539809,-112.376669129
-99.2764364977,-101.178864585,-101.25227605,-102.143349728,-101.927143525,-111.762446174,-113.639499428,-114.405459891,-110.52207615,-104.244201558,-103.646663279,-104.030069975,-108.038522487,-109.157020871,-108.896412658,-98.0019590759,-70.3881656684,-70.3882948908,-70.3953746182,-111.614151061,-108.636673057,-74.8436004443,-74.8439176937,-74.8447013768,-110.658402786,-106.832229154,-85.161084939,-85.1668920127,-85.1792924566,-109.401196406
-109.216674871,-112.525110455,-105.635094767,-104.941301355,-102.211435099,-102.883200422,-102.38880958,-105.205662288,-106.027959538,-107.802482938,-107.997788788,-105.38773108,-106.138172695,-104.574642301,-104.767885841,-103.563829144,-70.5387333703,-70.539397223,-70.5398170584,-108.711569502,-109.833963226,-76.2522297312,-76.2530364598,-76.2524509437,-109.569983129,-108.366763957,-91.163832566,-91.1054844273,-91.0879124571,-105.836881869
-102.504245977,-107.883115778,-102.519851006,-101.69157375,-101.534420327,-105.90156167,-111.816718162,-111.743787252,-113.224236141,-103.79627267,-104.014130281,-103.640893921,-108.098098677,-106.591120166,-107.154195616,-99.1530807925,-76.9853234456,-76.9812879781,-77.0055037706,-105.622267477,-105.350077301,-73.5856423329,-73.5857025566,-73.5878246638,-108.51389802,-108.650889285,-76.7543888069,-76.7560479848,-76.7565613519,-111.251338303
-111.235770087,-111.533509302,-103.836118416,-103.329745677,-103.503037679,-109.783047082,-109.793129568,-109.722779385,-112.638457634,-121.600791328,-122.355173149,-109.147146304,-108.517404701,-108.065815301,-112.904728906,-96.1133772741,-74.4056956811,-74.4055558719,-74.43421703,-110.810157722,-106.717111727,-75.7170637303,-75.7173031509,-75.7193125788,-109.18605013,-108.835570498,-80.1762418814,-80.1739329092,-80.1690152178,-104.393095681
-104.031394351,-105.947799834,-109.327477047,-108.23185786,-103.488398311,-103.665247641,-104.204511042,-108.646078166,-109.324151184,-104.61633324,-103.804190219,-103.227814888,-106.148578317,-107.958499419,-107.839113399,-100.252421234,-75.136626098,-75.1362258819,-75.1474717935,-108.765469959,-104.10362206,-78.9461960193,-78.9465407351,-78.9583495189,-111.541057223,-107.795917601,-83.8839216222,-83.8688301144,-83.8726719178,-105.474781215
-101.9021438,-103.476603066,-101.855485548,-102.831804435,-101.204179188,-103.630342272,-105.383330503,-110.143727525,-110.822818437,-105.68043683,-103.465831191,-102.937605628,-104.310006286,-107.432910245,-107.299419962,-97.9366740652,-91.0743564949,-90.9528808089,-91.8235465779,-104.659400476,-103.584784373,-78.4597841398,-78.4586266447,-78.4671032347,-106.887085095,-105.328989944,-78.6565109563,-78.6537091487,-78.6569718707,-106.797889993
-102.778398583,-104.067825146,-105.767383808,-102.84632248,-102.186122154,-102.987079371,-108.958436994,-114.202405672,-110.243909986,-107.698944656,-104.412612598,-104.387924301,-104.930407578,-108.911254128,-109.232780954,-103.913534303,-81.786916689,-81.7817483272,-81.8032869629,-107.420326471,-102.249195312,-77.773043058,-77.7719093804,-77.7862649752,-109.914632032,-111.824184364,-88.7828541939,-88.7646326795,-88.7627007158,-106.764267672
-100.10352734,-102.612865014,-102.619025895,-100.432221483,-100.854075101,-98.9596801454,-101.113018273,-101.413913874,-106.937331183,-108.190492631,-104.074899574,-103.010086885,-102.962720748,-105.394960036,-109.010431894,-95.2151978009,-80.7676409838,-80.7663407824,-80.9201439263,-109.875938351,-104.980402031,-80.7993346043,-80.7982504094,-80.8084243566,-104.979976599,-105.184476829,-91.0803486154,-91.0884378305,-91.0673522192,-104.294130517
-104.169663811,-103.309025529,-98.7100592834,-98.2873456996,-98.9817919697,-105.294879988,-115.853252898,-119.358755312,-120.294030358,-114.731432661,-112.851246166,-110.050919366,-109.272034967,-109.317748531,-108.731985878,-99.7798438067,-92.1603743783,-92.1322500842,-92.8559242171,-107.023831351,-105.458012713,-91.5322268229,-91.5729655349,-91.6622747546,-109.90826801,-109.534595457,-83.3149930674,-83.3160496628,-83.3135183092,-109.470404638
-103.992172587,-109.801618928,-99.3581213679,-99.3065472243,-99.2989695484,-107.621745631,-110.017097822,-110.449898489,-109.457889507,-109.843085029,-107.451654877,-108.399781569,-108.482403102,-111.136335304,-105.077500781,-102.586536093,-84.0344931836,-84.0630349511,-84.0887399712,-107.477857827,-99.2329061954,-86.3997807311,-86.4216736266,-86.6031842969,-107.311066115,-106.576844242,-87.3201851322,-87.254441131,-87.2413631205,-103.253596634
-101.035052483,-102.914403157,-104.326085503,-106.396178227,-103.531787918,-104.498109989,-103.379534261,-108.587904427,-107.468007882,-102.970618252,-102.70712113,-102.596144846,-105.583908559,-105.238840939,-105.495430704,-105.323388598,-89.3604555098,-89.3640429997,-89.4043097616,-106.256657159,-96.3162273334,-96.2332476546,-96.2902455183,-103.966299316,-104.169115925,-105.002554617,-87.5431145635,-87.5404634926,-87.5446145586,-106.304831595
-98.0420376831,-101.846188291,-99.6769109248,-98.8908524041,-98.4532419699,-103.407618806,-106.847737023,-108.454035595,-108.904583382,-109.539993841,-109.215890498,-109.850361527,-107.530874047,-109.585242215,-107.660745552,-100.440063508,-87.9947131061,-88.0044065018,-88.229930162,-104.615559656,-97.8553024242,-89.9161853055,-90.0370746976,-90.649955319,-111.695206863,-109.638556026,-89.3117471687,-89.2474896738,-89.2440592844,-104.754912333
-103.057571242,-109.031457964,-105.412110133,-104.849901403,-102.724305913,-105.259303146,-105.794222057,-112.130578271,-113.168525038,-109.216625743,-109.21630616,-109.042705527,-110.551847823,-110.175829778,-109.216709527,-103.04489857,-89.5812442557,-89.5859919635,-89.7577208601,-108.978711164,-99.9772648336,-92.4390030317,-92.4746152954,-93.1864500217,-108.038442065,-109.045795442,-88.7760608862,-88.7900528856,-88.792871384,-115.523007545
-103.347220138,-104.585101354,-101.631957392,-101.331326543,-101.721225326,-105.7244229,-106.577334649,-108.717857093,-108.739114226,-111.260430169,-109.141003229,-105.898668191,-106.18598729,-108.023274949,-113.721261028,-96.5600833507,-88.9462178165,-88.9474002043,-89.7481950411,-105.942468211,-101.869371774,-92.7370412771,-92.8682689591,-93.2402665084,-108.64610834,-109.976791998,-87.1060059717,-87.111573595,-87.0898828179,-107.577025223
-107.556370399,-102.453186685,-101.251780317,-97.6079591469,-98.574680811,-99.3536132377,-104.628100084,-106.199514969,-106.173972701,-111.357933317,-112.313890905,-109.432911434,-110.848674143,-110.733256184,-109.424845644,-95.5487975066,-89.2953962402,-89.319312216,-90.4234797409,-109.740596299,-111.507445445,-97.6752777845,-97.435534157,-97.0853255122,-105.090173453,-106.355607009,-77.8773981411,-77.8782507849,-77.8788435859,-113.769073774
-96.8518230955,-98.4728355294,-95.8731989911,-97.4060696764,-97.2640009934,-104.655203298,-107.861386143,-108.907461937,-108.11579384,-109.990241285,-108.630509135,-109.397570688,-108.543686129,-111.629373576,-110.045077333,-102.146972211,-91.659887875,-91.6048242283,-91.9584580741,-107.363083935,-105.076015541,-94.3131054361,-94.2535920514,-94.558645541,-108.65888182,-112.006033788,-97.4420022638,-97.4523266491,-97.4115446214,-111.440285887
-102.529215219,-104.619627308,-97.1216746922,-96.5241292542,-96.3040996838,-101.200028087,-103.472934321,-109.955903511,-107.339841711,-102.794460938,-102.639574941,-101.98082633,-105.327543992,-106.059675855,-108.413406133,-101.868320517,-92.4549493886,-92.4882220186,-92.9273214311,-106.831165076,-103.464458238,-98.533995554,-98.9379909118,-99.9457881049,-108.70310946,-109.981989426,-92.6620901485,-92.6342879273,-92.6184724331,-108.257158885
-103.733472543,-100.93467176,-100.418591121,-96.8941709291,-97.1708768239,-97.5980644141,-102.222967348,-107.534075419,-108.390050189,-110.041471367,-108.791933493,-105.48975448,-105.924090048,-105.632760974,-109.269163194,-95.9894545967,-91.5858969902,-91.546216298,-93.3812518175,-109.27485352,-102.063673639,-96.3669678569,-96.3583310985,-97.4161441956,-108.048751481,-108.676721376,-83.7462470229,-83.7418457368,-83.7394972858,-107.246920589
-103.019382882,-104.258228228,-100.545444144,-100.205124289,-99.8106413598,-103.659342984,-107.991958752,-110.820667089,-104.418029312,-102.038248396,-101.720008732,-102.005648304,-104.356165551,-103.015135814,-105.549510742,-101.051711831,-92.9547828953,-92.949027314,-93.4384138152,-114.499666781,-109.004527518,-93.5999569025,-93.5793414605,-93.6902765628,-112.974136737,-115.554193857,-91.9170211086,-91.8692024303,-91.8185302378,-106.831446648
-98.8617222558,-99.5048669569,-99.840270724,-98.0915842831,-98.9634871082,-99.7297938641,-103.128064627,-108.623071805,-109.317847355,-106.691217315,-104.955641405,-100.907697872,-101.250890626,-102.276403458,-107.996878904,-105.943236427,-93.7435243426,-93.8103485901,-93.9783785614,-105.471771973,-104.084369792,-95.1933786579,-95.5565999799,-95.6601738978,-111.191597557,-108.504609897,-87.5483410032,-87.5378646869,-87.545375084,-108.633703236
-101.64747414,-101.180581017,-99.88890278,-96.9095026357,-97.5869101223,-99.3940551015,-107.905120434,-113.925503864,-108.894210065,-105.102604077,-104.788638821,-106.169109933,-111.72243572,-105.390400694,-105.009835031,-105.218308796,-92.9187400448,-92.849400801,-92.8656447553,-107.526787784,-101.073586952,-90.9057762213,-90.9264255894,-91.3120131822,-109.803168135,-109.950630439,-89.3145410418,-89.3352464159,-89.3249766536,-111.034238232
-98.9503024188,-101.491334806,-104.07860237,-110.148548282,-105.181419867,-105.349401506,-103.777150915,-106.813804299,-106.824289512,-106.664833861,-106.710150121,-105.435838013,-106.130241412,-106.227013938,-107.951267677,-105.350572256,-96.0322378078,-95.8550704009,-96.2074681961,-107.839856558,-105.710240021,-100.939681731,-100.991898922,-101.956172238,-111.763437044,-110.227372198,-98.2288816752,-97.8777277255,-97.7600637374,-105.52225072
-106.205041738,-103.921396885,-100.337066275,-96.9102227151,-95.7012524923,-96.5484413083,-100.306281139,-109.46156933,-113.239471939,-108.89188458,-106.187363726,-105.543615966,-107.443843985,-111.703370695,-108.584348922,-96.3750819214,-92.3588693328,-92.4049536606,-94.4432050932,-107.783330917,-104.139119593,-95.7344663035,-95.8524961495,-96.3358670943,-112.053753038,-112.013414114,-92.2842322166,-92.2977764011,-92.2027475096,-106.085576885
-100.511274741,-100.478571397,-99.9817891079,-99.3731093151,-98.8782589497,-99.4406626461,-101.429176385,-107.752507879,-107.133917327,-105.609639273,-107.007141972,-107.505971258,-110.398329874,-107.701627116,-106.044875438,-98.1953291463,-95.7437003446,-95.8565459384,-98.8936341918,-113.768895805,-104.952237622,-103.787801892,-103.781919783,-108.072660926,-111.105290216,-110.195021247,-85.5343978494,-85.5344322775,-85.5354695405,-111.461360931
-98.9337971318,-102.136642139,-98.6998139831,-98.8149435657,-98.3403631628,-105.175195964,-104.842408426,-107.746570246,-108.24682457,-108.782944982,-109.30240168,-106.644634788,-106.571912416,-106.69238702,-106.938847129,-97.3533332473,-92.7478049874,-92.580219574,-94.1959303876,-104.805936179,-106.346084846,-102.797582627,-101.340223022,-102.330236672,-104.665971883,-105.848479681,-93.3886163113,-93.3620653466,-93.4209100696,-106.524833344
-104.414043295,-106.377002645,-105.257622175,-96.6588428978,-95.3380092243,-95.6131308686,-100.072203572,-107.287590474,-106.761907174,-107.608042083,-105.671120751,-105.479465732,-104.318499829,-105.510489686,-104.956734271,-102.351320959,-98.2310589244,-97.2485426924,-98.3481325298,-102.548070391,-105.99636339,-100.017475293,-100.288073106,-100.759497699,-107.916892511,-108.025345429,-88.7652639779,-88.7880912395,-88.7869220087,-107.121509512
-103.290599929,-102.090452161,-101.529373359,-97.0021234026,-98.0402306176,-98.1740397657,-106.44778751,-107.11750756,-113.360441624,-104.49168428,-104.139763124,-103.650191923,-108.648357219,-109.520878975,-111.165286982,-104.18557253,-96.4759095908,-96.4512040005,-97.0228350701,-109.466128004,-103.181916182,-95.6311822625,-95.6053416282,-96.1997299615,-108.802947884,-108.726929987,-92.6684864302,-92.6754097516,-92.658602675,-108.580144414
-107.866312465,-107.578882317,-107.173558411,-110.847944394,-109.80913408,-107.099248669,-105.320229113,-103.564935211,-104.746967661,-106.548393992,-104.464762866,-104.541212056,-103.722217684,-109.340525166,-106.112262301,-107.02532867,-107.154415011,-112.104502264,-112.26054336,-112.587748111,-107.470074494,-106.068224091,-106.093055812,-108.218297457,-111.671068592,-110.040480158,-109.190244651,-108.241342231,-109.514433879,-94.7979913933
-102.919324088,-101.676200086,-99.0827986819,-96.4446471681,-97.0370762902,-98.6342563825,-107.929969541,-109.988618256,-110.08967469,-105.596491385,-105.499052655,-105.816971891,-111.108850671,-110.835329792,-108.764573068,-102.631507049,-97.4959014303,-97.5687350884,-98.7295767612,-110.378457593,-105.205355351,-98.3615493159,-98.2941585021,-98.9062508034,-109.018566411,-110.002654383,-92.3010125841,-92.2720993915,-92.2665782589,-108.001651151
-100.860493211,-99.988612776,-96.4449144689,-95.3931732664,-95.6422423073,-98.6118072436,-107.241578303,-111.08215308,-107.593032255,-106.1876321,-106.43866422,-108.567523434,-113.760602587,-111.225044581,-106.511289559,-100.553675485,-97.9676991405,-98.2149356497,-100.746955016,-110.329893214,-107.484359469,-101.246829804,-101.077099473,-101.463700574,-108.488766275,-110.066927872,-91.5614219976,-91.5090786891,-91.5078148787,-106.378847778
-95.9215856918,-105.624313577,-101.436751458,-97.0897477418,-95.3534642968,-96.226970678,-99.6643614221,-112.939661907,-117.096983872,-104.730720483,-102.636928415,-101.804551674,-104.500468592,-105.7920935,-108.198153956,-102.462862364,-102.416414445,-100.840228897,-103.868363045,-105.079057406,-110.356800791,-98.24277365,-98.3607292468,-98.2504254243,-110.673608522,-105.833231235,-92.5747692065,-92.4988505806,-92.6258928469,-106.820125136
-102.330547522,-104.797161053,-106.563225697,-99.3239623009,-99.447207764,-98.9078180959,-105.254980456,-104.367551356,-108.118909226,-107.444965916,-108.936881996,-104.230516218,-104.746733253,-103.487080881,-107.632555279,-105.849430652,-98.5973882359,-98.4035103812,-98.4409083722,-106.431332023,-108.036334429,-98.2853264973,-98.2248864209,-98.1537580962,-109.137646537,-111.561641385,-98.2212509765,-98.1093180946,-98.1470352352,-106.457743964
-105.252209489,-102.462801836,-101.537638217,-99.9247416209,-98.4959591346,-99.2175627119,-100.585908153,-108.12435362,-110.432962789,-107.102925895,-103.458715202,-102.7816724,-103.264804096,-106.227013938,-105.24217277,-103.660235028,-99.3887187903,-99.8664429384,-100.815417951,-105.257292067,-103.571344596,-103.491500268,-106.207165539,-111.155203985,-109.57683381,-110.545071506,-108.793619572,-111.621761677,-109.403504003,-104.925188669
-107.3346235,-103.89896448,-103.940971983,-98.1250179119,-98.1810754586,-98.3237776534,-104.637628292,-108.63166369,-108.169750472,-111.051313976,-112.889185629,-112.49500949,-109.225536165,-107.660253798,-107.097021241,-97.4060342227,-94.7891121466,-94.7284514178,-97.6665555437,-106.559091543,-105.936703112,-95.469876306,-95.3862768365,-95.5427391365,-108.005395424,-109.216513269,-100.597911047,-100.620560902,-100.749306132,-108.624413522
-98.9290309273,-104.556850311,-103.801867323,-101.408122024,-99.1212288007,-100.036021356,-101.807519786,-109.880109741,-109.498197841,-103.791920279,-101.662536971,-101.152125985,-103.381896456,-107.594834775,-107.25652228,-98.2645725292,-96.1234647119,-96.3340403059,-99.8378912292,-108.418718438,-106.153638699,-95.4353745658,-95.5780885829,-95.7424608001,-113.102676286,-108.734962664,-98.7471916858,-98.7647697346,-98.9978681756,-105.171153493
-111.517444377,-109.339541017,-111.037045342,-104.594417567,-102.863335213,-102.399146799,-104.500434243,-107.990826194,-110.312588935,-111.807669207,-107.331385073,-107.711256034,-107.302007029,-110.647955248,-110.130932386,-112.066481355,-101.041394555,-99.7594369083,-99.5883634589,-104.247903778,-104.571968446,-100.577037146,-100.592408509,-101.995323946,-111.190787711,-112.958301927,-89.0544219131,-89.0599431604,-89.0188135832,-106.574254612
-98.5655281053,-101.835544672,-101.707803067,-106.203473153,-100.153358658,-100.555213512,-100.954371628,-113.380352204,-114.542687954,-107.179781134,-103.352360856,-101.858818311,-102.814635364,-106.29263691,-109.676841621,-108.811316201,-99.4965352255,-99.3463681574,-99.5396679355,-107.635035513,-109.369680499,-90.0052436894,-90.0197272078,-89.9950595099,-107.936118928,-107.168126427,-92.6535952735,-92.6733871853,-92.6333740281,-104.983437604
-96.2823575332,-106.087509525,-99.5892785178,-99.9793618736,-99.8194864587,-107.123046451,-103.66165861,-104.02756621,-102.581249908,-103.362868637,-103.230370136,-104.357095613,-106.825526482,-106.788035595,-109.415137786,-99.7211863077,-99.7600796287,-99.720875994,-109.219309623,-106.825651548,-104.831900987,-101.346841604,-101.87400702,-103.147965604,-111.227497526,-109.517849115,-96.1196428133,-96.1135731482,-96.1846969107,-104.611294279
-99.6302554565,-100.674267339,-103.110375881,-98.1113928737,-98.1694436533,-98.583873942,-108.205483851,-110.417969172,-111.145239876,-105.014282272,-102.449234523,-102.416496699,-104.271253773,-109.371884254,-108.784082571,-101.594878922,-96.4759178192,-96.0123255735,-97.1624602456,-103.753462135,-103.826076494,-96.3586740506,-96.3008647169,-96.7809514316,-108.411681229,-109.545891147,-93.0702021671,-93.0862173641,-93.0725478637,-104.68027032
-101.721301585,-101.139754251,-101.041682551,-102.251330122,-101.037196734,-101.681580495,-103.484610433,-108.045131192,-108.453227644,-104.183441377,-105.118242273,-103.291723313,-104.917428286,-105.151308558,-107.222294561,-102.000660361,-97.2544489386,-97.4277513971,-98.8126028987,-109.970524161,-105.041289895,-94.3652924132,-94.4056229689,-94.4807766431,-107.52066358,-107.768590514,-97.5496342646,-97.2837282909,-97.2948319172,-105.205062402
-99.9068602325,-109.304196376,-104.730408757,-103.749991398,-103.174533254,-106.949286916,-107.5312016,-109.535002959,-109.420561764,-105.211850504,-105.545863205,-105.297063883,-109.491062833,-109.352279806,-109.860181837,-111.865052054,-102.187909434,-101.986119126,-101.677353447,-105.775842289,-100.952488763,-95.1817303469,-95.176852777,-96.0956265975,-107.876193917,-115.250047719,-99.9735097506,-99.8165962568,-99.7740834129,-106.350484051
-103.514459997,-102.656262952,-100.578722137,-96.9312027,-97.8118928765,-98.7303863771,-105.980436835,-106.11563888,-107.220789948,-110.369165022,-108.572596678,-107.504157464,-108.408167535,-110.797988328,-108.645076494,-97.3539552461,-95.1148309986,-95.222329048,-98.8125048673,-108.452831477,-108.148341696,-105.009640438,-105.928418153,-106.245376456,-111.783915274,-112.465402538,-98.2290664142,-98.2711011171,-98.205653093,-108.29134621
-95.5901517098,-100.559017598,-109.470323369,-106.900456702,-102.071913413,-102.13733297,-102.202335624,-108.206611937,-108.116990187,-114.9140738,-111.116122949,-106.898635493,-107.305085263,-106.00826729,-107.132190917,-102.857813064,-97.7799537913,-97.5791209548,-98.3805297916,-106.797653516,-106.547425742,-107.274697145,-106.253177955,-105.285732278,-104.729792541,-105.648792497,-96.7937683064,-96.477862935,-96.4295951814,-102.909019893
-101.792481478,-103.165667845,-98.8678563987,-98.1713922741,-97.8885763375,-104.403739636,-109.048274754,-114.863852942,-116.059307838,-109.485720496,-107.174498396,-107.169305465,-108.563019189,-108.158935985,-105.142836756,-98.0052496964,-95.17821592,-95.4136165659,-98.057934301,-113.425260222,-103.485997686,-97.9028910221,-97.871566264,-99.0852383332,-109.378280657,-109.855639789,-98.0647661743,-97.9762049846,-98.0494449874,-105.835604586
-102.504385027,-101.617189168,-102.312999945,-100.501968809,-99.9369099937,-102.130830141,-105.589735281,-114.175619763,-110.426610281,-107.673601474,-106.741406508,-107.562750064,-110.452632047,-109.00397463,-108.253300321,-100.885114004,-96.4318040172,-96.4616986118,-97.8855186438,-110.258970053,-104.407304761,-102.094489391,-101.857405976,-104.380621085,-107.811325502,-107.693319937,-105.707831856,-105.315854623,-104.845970681,-101.798655652
-100.294635978,-102.293126339,-95.6731552664,-95.6077613938,-95.4152036434,-102.32705894,-105.889068457,-108.989446236,-110.840518353,-104.82272069,-103.589825572,-101.249005066,-103.126062276,-103.901919259,-113.176969122,-102.29519369,-97.4068633056,-96.8603947881,-98.0499493153,-103.613496499,-99.4803174603,-92.0343660641,-92.112310152,-92.712764685,-107.14870102,-106.855940839,-97.4541228088,-97.1361125382,-97.159381648,-83.3544892493
-103.609521117,-106.660606162,-110.505991789,-102.839610947,-102.101020895,-101.517336544,-105.417292458,-106.441033796,-108.298589023,-107.900306088,-106.353044693,-103.297491617,-103.874313576,-104.485148671,-111.349766106,-107.630783108,-99.5507282176,-98.3210334314,-98.5805301514,-103.58678383,-97.2531505318,-92.7932186327,-92.8174097964,-94.6127146032,-109.717539849,-109.202199283,-99.7492566944,-99.8974455471,-100.011673205,-108.093506327
-96.8976489816,-105.931179913,-107.054964974,-100.32082346,-98.5074901325,-98.302431146,-101.680570432,-106.877304425,-107.339841711,-106.058066537,-102.093580914,-102.112282335,-102.829324263,-109.116556087,-108.608079547,-95.5088794947,-94.2092962902,-94.0853332731,-98.8262034614,-105.02738134,-101.029219271,-92.3036512764,-92.2394325671,-92.7807014102,-107.863017272,-107.688092436,-98.5981390795,-98.583703643,-98.8303278,-103.559748449
-101.570111941,-99.5737843421,-98.570256199,-97.6969642095,-98.4857967959,-99.3516751997,-101.690218531,-104.386568341,-104.64114475,-99.4319965261,-96.7789519877,-95.9072654939,-97.8522385797,-101.480283156,-101.787055074,-96.2376125742,-95.5318328198,-96.1405016652,-100.737082766,-101.406354199,-101.815315867,-87.3511152657,-87.3442514968,-87.2626628245,-98.9017450793,-100.027719398,-98.7645765087,-98.9784967548,-99.5843268339,-102.953683848
-100.681030867,-101.570279997,-100.715488094,-101.735055817,-101.741091713,-104.801601681,-103.281940364,-101.700372423,-102.793882046,-98.7199514005,-98.8344082275,-97.6147082864,-101.287339925,-101.807472377,-106.245644046,-101.893465921,-96.8529352135,-96.1163402227,-96.8374409954,-102.781769478,-100.237798454,-88.636586787,-88.4945028725,-88.7091362175,-101.737886001,-104.944184092,-101.436855452,-100.731772934,-101.193618606,-104.874190618
-99.665351402,-104.585762338,-100.24881984,-100.778061463,-101.569284247,-108.359380357,-108.871338817,-108.175383887,-107.19403158,-100.895357076,-100.189100022,-99.8891779794,-103.875871217,-105.501168016,-107.014966318,-97.8302300192,-95.8604305239,-95.6370871958,-99.0216623473,-104.6091529,-101.02007141,-93.8124430035,-93.8444390406,-94.6137809372,-111.832575392,-120.954926853,-96.2314290021,-96.208925622,-96.1072326253,-106.659454131
-104.419233419,-104.9366633,-100.469283056,-100.425974066,-100.3080143,-105.868433817,-109.661966253,-110.059179503,-112.301775114,-102.780962788,-102.040439367,-101.562407997,-105.083561053,-103.951294641,-104.408918314,-95.7319224121,-93.6144312586,-93.3156660137,-96.4925803694,-104.015055305,-106.338124396,-97.1600819508,-97.0950139611,-97.4703885147,-109.91841246,-114.234907503,-100.044959176,-99.5161263143,-99.4344517083,-103.276824891
-100.540175782,-103.524416238,-104.732616026,-102.732562071,-102.625120587,-104.926050591,-112.620340684,-110.382502545,-111.266869939,-104.767669983,-105.220581079,-104.989266363,-111.638132625,-109.525228812,-108.942132911,-105.545878443,-101.113616167,-101.089659165,-101.964062466,-109.067329165,-102.677673755,-92.8280524599,-92.8596887749,-93.2619824454,-114.903064609,-110.179685184,-98.8615833604,-98.8501784485,-99.0832693666,-105.963632651
-104.977894997,-110.327793685,-103.537455448,-103.010312565,-102.874601101,-107.485349652,-107.664321975,-109.063412525,-110.044678921,-108.13206593,-107.818651754,-106.0155096,-105.065597856,-104.564945891,-106.027054798,-102.996425763,-99.9725375739,-99.4112243383,-101.318664656,-105.5204049,-107.205968743,-101.283113147,-101.767726091,-101.967090565,-108.937759803,-106.52492278,-99.3236826831,-99.4769444636,-99.6915014529,-104.582117715
-108.428195974,-108.759362614,-105.869053774,-101.732513076,-101.630900603,-102.226166816,-107.268111897,-107.771096036,-107.728010801,-111.685970376,-106.587686235,-106.634908982,-105.446920217,-107.657138145,-108.703821326,-96.5082230279,-93.9052141704,-93.8384263786,-97.0106987123,-109.25788479,-111.480930654,-96.931101855,-96.8512213204,-96.7530709115,-108.346441651,-110.023841656,-99.9725046975,-100.002032321,-99.6141359406,-104.3478476
-103.526026103,-107.431154239,-105.703486959,-105.380172096,-106.667214636,-111.142887234,-113.732547085,-113.730214522,-108.457990241,-107.187026597,-106.889991727,-105.99442359,-106.538442246,-105.456687806,-106.132326016,-100.568686105,-96.2721228227,-96.3319160813,-97.7184745108,-106.748221917,-108.708571351,-92.7717028654,-92.8309663487,-92.8079623441,-110.757695846,-109.606571384,-101.844128985,-101.911142774,-102.094189653,-108.427696625
-113.288424432,-107.084126099,-105.466101472,-105.836463786,-109.499474339,-104.527790413,-103.608435674,-103.60930969,-107.613738447,-109.563717815,-104.834404948,-105.826972064,-104.948747278,-108.977054711,-108.10681562,-111.229561086,-109.12717958,-110.003487046,-106.537805346,-107.267992916,-106.186148062,-108.739364734,-110.43711121,-115.683960221,-119.205909579,-111.915379937,-110.826488395,-109.15462295,-110.122176857,-102.988874271
-105.944726792,-103.239538494,-105.465754842,-104.302567665,-108.547211907,-108.680315833,-109.370785998,-109.400739776,-107.679723038,-109.667548715,-103.47015479,-104.251930933,-101.727076267,-104.780891541,-104.543138773,-113.826107898,-109.418785179,-109.164470473,-108.18011766,-110.208787576,-108.297874426,-108.155662098,-108.265941926,-111.45217353,-112.31488036,-112.233309414,-111.566380607,-111.916976389,-108.984140299,-106.04663808
-104.000921617,-103.537623294,-103.807429685,-107.993611573,-109.102053683,-105.253358691,-103.151887932,-102.915274338,-102.580261395,-103.675099037,-104.010798605,-104.105636023,-101.641381542,-101.04633873,-102.347800137,-106.209486625,-105.86716639,-103.534102995,-103.663557348,-103.497690379,-106.440632365,-106.811331372,-118.792056439,-108.39428273,-104.01154884,-103.283630068,-103.876286812,-105.900262612,-106.561473572,-103.485176929
-105.824545109,-108.094719255,-109.318697691,-111.496975566,-108.698109785,-108.137777637,-109.161455604,-110.70787517,-107.764805567,-107.35530352,-106.517479708,-105.977953127,-103.218097036,-104.072416911,-105.750770558,-112.841776128,-110.056519003,-107.967322118,-106.374831635,-106.985447917,-108.404266731,-109.159353116,-109.841587951,-108.411223681,-107.452663418,-105.279694561,-105.823871867,-105.786160695,-108.65868338,-106.195448455
-108.951168269,-108.301089427,-107.358698552,-108.218593038,-109.410310842,-112.276188518,-115.975373807,-112.07628907,-113.454638195,-112.837452165,-108.079799123,-107.353845085,-105.514309763,-105.287483989,-104.4474637,-105.542492185,-109.038949773,-113.421819548,-115.497677589,-113.006670955,-108.107848744,-107.43239263,-108.003836775,-112.286796766,-115.030539815,-113.918133367,-111.06436699,-108.495350625,-106.06538604,-103.089725951
-111.687749239,-111.33629426,-110.268569778,-107.146741281,-106.67305405,-106.284316148,-106.314289462,-107.582985337,-104.956308825,-106.235762053,-104.905672099,-106.604178918,-97.2595189553,-97.3721787948,-97.5545540039,-110.932910229,-111.140192713,-108.557037364,-105.652697547,-105.618660919,-106.672896287,-108.575719813,-109.148272556,-107.274358517,-108.036456824,-107.40134835,-106.872055619,-106.035372704,-106.187941101,-108.032881909
-113.110005357,-108.782519102,-108.349141921,-105.947745783,-105.753376918,-105.741784804,-106.587272376,-108.377722293,-108.394059721,-108.587316589,-109.060007457,-108.809469193,-97.0666154149,-97.026907918,-96.9948744714,-109.015612635,-109.736684721,-108.014734377,-108.515966806,-108.615152123,-108.232344433,-109.242832305,-109.097750932,-111.89977853,-111.686387872,-111.695688714,-115.413346516,-110.850521194,-110.008595079,-102.932363602
-108.611790426,-108.54709592,-108.582349154,-115.353010614,-108.435855334,-107.324239492,-106.263074654,-107.472754429,-108.380329755,-110.907535445,-113.008927062,-108.095604165,-103.151560918,-103.304990518,-104.587586604,-112.309129227,-112.718473204,-112.828465744,-111.865915837,-112.188311792,-109.045660215,-108.428703811,-108.115535739,-109.315263366,-111.350873639,-109.799643668,-110.640127427,-106.779224486,-106.111956761,-105.054728311
-106.952801508,-109.427536939,-107.747991671,-106.922830215,-106.91498198,-107.172283589,-111.212470152,-108.999208705,-110.251888052,-110.402593127,-110.101165077,-110.081151463,-109.985437252,-115.446995963,-111.367627051,-110.73258467,-110.640754316,-113.88552211,-112.422851323,-107.651012997,-106.277510168,-105.662616996,-107.335111203,-108.644456657,-109.424439214,-110.173512028,-111.541626559,-111.808093637,-111.911692848,-110.652648186
-104.993377835,-105.611986695,-105.58719505,-112.666178393,-113.547230813,-110.654915146,-111.67065181,-108.341816405,-109.478966143,-108.627968418,-111.685975667,-110.679934644,-107.871310414,-104.676675331,-105.050749303,-106.00780501,-108.752317918,-108.723380967,-109.815634243,-113.649390495,-111.018474282,-110.388557275,-110.022139776,-111.935482811,-113.235010716,-111.051814385,-109.759840543,-110.424191296,-112.78998563,-107.961142314
-107.891486892,-105.908736309,-105.962188919,-109.026626317,-116.577935843,-116.463469711,-115.080360546,-113.226179111,-107.756964438,-105.853936122,-105.671782282,-106.9004405,-103.580432893,-102.918542069,-102.646352364,-106.298903452,-106.424835716,-104.014213787,-104.272243449,-104.808757395,-109.694464886,-107.182351498,-106.507331056,-105.990817964,-106.569409766,-108.446316501,-112.025275696,-117.985848846,-115.761684141,-107.325752589
-99.770928197,-99.5923108435,-100.308521762,-102.99476819,-104.57465673,-106.171027686,-101.362423725,-100.826701387,-98.3794447606,-99.9388901631,-100.789616155,-103.344927778,-102.893143394,-100.813736323,-101.908943944,-103.707023441,-109.413354932,-103.456305215,-101.869534226,-100.782677729,-103.217453304,-104.626640878,-105.519900803,-105.287049872,-105.372299688,-107.678208771,-107.582810864,-103.420856336,-102.937206939,-102.837111884
-105.976340624,-106.767185717,-105.543653462,-109.941393667,-105.346533301,-102.06450305,-102.008168096,-103.425932049,-110.281566171,-106.273650861,-104.812382171,-105.153841567,-105.006865497,-106.01719909,-105.69871039,-106.511556021,-104.776106655,-104.063268613,-105.338413671,-107.638723818,-109.724246066,-109.248129084,-111.075241366,-110.657760259,-106.133466116,-105.956148319,-104.44996183,-106.438129634,-106.345967109,-109.034406789
-110.297896153,-109.276082233,-109.417953098,-109.990867065,-110.868216728,-112.370540717,-111.120439774,-109.088145361,-106.463822175,-107.807184861,-108.927448764,-116.022509272,-108.900876311,-108.779548092,-106.425748578,-105.626408745,-104.037539104,-104.507254081,-103.936052837,-105.838309531,-106.435234484,-114.297218374,-112.122905666,-112.693176505,-111.870236463,-108.216750859,-108.676168291,-109.269505157,-111.219311002,-110.399394758
-115.034421281,-114.256285631,-115.659915798,-113.197667157,-109.523881221,-108.919648486,-109.700366041,-114.278263135,-114.444048322,-115.309578533,-115.248091962,-119.113734931,-106.147191144,-106.105078886,-105.248010544,-107.255884491,-107.277639759,-105.112073366,-105.941223979,-105.048483242,-108.177832587,-109.871881045,-113.151518767,-111.668213576,-110.810059074,-108.669197534,-108.936826474,-109.90308744,-113.837514082,-113.606888069
-111.906012332,-114.797187784,-116.787935486,-110.576050736,-108.460143972,-105.998185645,-106.083120585,-106.881886969,-108.697961299,-109.38272707,-107.884377977,-107.621132283,-108.679634752,-110.1836447,-112.542425484,-109.365216688,-109.167169288,-106.890888824,-107.405868698,-107.495141193,-109.780889225,-110.844624364,-113.050726264,-113.453259219,-113.584666133,-111.735095863,-113.429682462,-115.434204554,-117.488387892,-109.1020061
-110.502648342,-113.558985577,-106.584828367,-105.752358284,-105.69498991,-108.448322839,-109.841887809,-110.497908626,-110.297134286,-109.576831389,-109.553592699,-107.744430981,-107.843966281,-107.926344863,-112.491057991,-112.898633774,-108.533389892,-108.367525678,-107.883847806,-108.246203665,-103.300716206,-101.527071707,-100.232023931,-100.940279143,-102.295238115,-104.106105711,-102.881081731,-103.312786217,-97.0372706081,-97.5004621032
-107.03146139,-109.191995928,-106.447393859,-106.809666776,-106.13556556,-109.164484041,-109.995791852,-116.247015192,-113.805504954,-112.329820319,-112.351087615,-113.043492058,-112.484890037,-110.428053091,-110.320614457,-112.101763026,-111.73459243,-109.223914119,-109.269212346,-106.585557718,-105.661989896,-104.556599236,-105.573032109,-104.769018585,-103.050670303,-102.719838539,-102.09618216,-103.451819565,-95.8326316963,-96.1543019917
-110.333635714,-114.095569154,-105.197233385,-105.277897924,-104.977186668,-111.707164146,-108.667569097,-108.190869633,-108.556429698,-108.281415193,-110.000529259,-106.950394786,-108.37306414,-108.093868792,-112.353685631,-111.680571113,-108.071232234,-106.7467182,-106.802727149,-108.990008538,-110.846685258,-109.902571117,-105.482607715,-100.608318849,-100.299676794,-100.612273145,-102.604930374,-102.694087155,-92.7808276061,-92.9315009951
-111.040705309,-109.562058636,-111.030307105,-110.813352493,-113.102590207,-113.257253566,-114.363163457,-114.972342809,-113.497978443,-112.321849179,-109.62006371,-110.218523569,-105.241989432,-106.023956496,-106.043099739,-112.539756751,-105.87662853,-104.696450732,-104.788330785,-106.105629687,-103.828948536,-101.84171727,-101.142594893,-102.134150223,-104.202858916,-104.693056828,-105.100494579,-104.094110563,-94.3820567501,-94.0931038716
-107.598987647,-109.365851832,-107.850653671,-104.044654387,-104.366731744,-105.964426857,-113.128995898,-109.060901657,-109.33714962,-107.87664175,-110.426080402,-109.409068256,-110.793466389,-108.970656732,-109.67173865,-111.388568333,-107.912523806,-108.033761455,-107.639955487,-113.008306994,-107.863083466,-101.51624362,-101.350688513,-99.6031462455,-101.17606622,-100.213597883,-102.253699654,-104.173240995,-99.0505237387,-99.3801478797
-104.834044354,-110.057020657,-106.508768666,-105.262487015,-105.078685741,-107.08962791,-109.864049158,-110.577517582,-112.23741789,-111.300300575,-109.479671307,-109.717373327,-108.504466629,-109.897211967,-109.860746672,-110.934393495,-107.741249878,-106.704899565,-107.656920511,-110.317900109,-108.810844349,-105.680929267,-100.084864775,-100.372642576,-100.808530304,-107.890419002,-102.231340974,-101.45083508,-96.9658041132,-98.0805882249
-105.882178872,-109.579581544,-106.009082127,-106.403050484,-106.073135866,-107.813564375,-105.274973548,-105.152832157,-105.1704131,-106.086206714,-106.643692731,-106.521841455,-107.116183338,-106.577290161,-107.314692132,-107.879101063,-107.939487371,-108.3195461,-108.432378785,-109.811278914,-107.832627787,-104.605962485,-102.096027419,-102.17967279,-102.177669948,-100.933275575,-99.8220727294,-100.751435381,-94.6889173888,-95.080365835
-105.875574444,-105.994765074,-108.893459712,-106.7474763,-104.746705972,-103.588274935,-105.080750724,-107.093582275,-109.906726261,-108.665339022,-111.531488717,-112.911575277,-111.543599625,-108.849396086,-108.243331089,-106.816720271,-107.70316599,-108.076655738,-112.627560911,-110.098204054,-105.834434154,-100.095868631,-98.4178066672,-98.9371635212,-100.611273413,-100.185769747,-95.5478513908,-95.9595707092,-90.4346309684,-91.395602962
-114.705128795,-116.400285999,-109.808360406,-98.8389159613,-98.8244816417,-98.9396169611,-111.291126203,-110.346274524,-113.358270968,-110.779452701,-112.15354507,-110.206643253,-111.472744743,-107.746047363,-108.490305772,-104.604267084,-105.741251879,-105.517737558,-111.340438889,-108.502238182,-101.564161283,-98.0133067252,-98.1580558691,-99.9262971205,-106.700482675,-104.345436271,-103.837922988,-102.432596227,-88.7513504373,-88.7408615883
-106.907472802,-114.429883272,-95.4975486738,-90.4547805972,-90.4552809365,-92.0509601484,-110.13431298,-109.608940008,-110.505106132,-108.594798217,-107.888438039,-108.006287728,-110.591232633,-111.678305663,-105.197791026,-101.156536937,-100.786275789,-102.040353602,-108.51823808,-108.670234408,-108.746955004,-98.1852747799,-96.8021131971,-94.5610218471,-95.1366403929,-95.0984254017,-97.440182871,-100.037229779,-87.0385080281,-87.0708237719
-107.905153881,-106.829290725,-98.1754988171,-98.4455663629,-98.6310876208,-111.575452994,-116.275245891,-115.399535163,-119.926577375,-111.629798167,-110.759139543,-107.996365789,-109.923306818,-109.931284218,-105.539639735,-101.886970553,-101.177462663,-102.410481188,-106.904015112,-108.169973642,-103.527248217,-93.5586728203,-90.2469855244,-90.1291752945,-90.7991547114,-93.9327980004,-94.6023105462,-99.1541240081,-89.0311752836,-89.0167416586
-108.955862944,-108.17070017,-96.9503686771,-95.9583389318,-95.9851861146,-101.556551267,-110.628097603,-108.798017654,-111.725119713,-110.417812533,-113.626906536,-110.62116985,-107.295430399,-107.373187032,-108.135339457,-110.85949975,-108.264242789,-106.24066819,-107.01836454,-108.508721822,-86.4216129751,-85.9554773697,-85.8007909016,-86.0496017388,-86.498498008,-86.5493126465,-100.716277182,-101.406835968,-92.2275691452,-91.9426071983
-108.492957647,-108.600260677,-92.8755653921,-91.6512413756,-91.6402041787,-97.3310230293,-109.779221925,-110.66908867,-113.151172618,-112.939325297,-113.520722238,-112.510053006,-106.81220208,-106.64631133,-106.506623381,-105.743940007,-105.954893851,-106.451438197,-116.85291537,-118.414999132,-93.7741437879,-83.6270686273,-82.8535430967,-80.6893778715,-83.3483760467,-84.1810131111,-102.091979131,-102.776100634,-86.6363113094,-86.6549881701
-113.111161649,-115.659220939,-98.3917487597,-96.4769652415,-96.4866962261,-100.423073208,-108.822561696,-106.167002975,-107.986803636,-108.520616341,-112.62269448,-111.897147993,-111.836360909,-111.545924645,-112.538562993,-107.692382229,-107.031581556,-106.676253202,-107.774311728,-107.946544152,-94.7727623931,-82.6875686047,-78.6712533549,-76.7722421524,-77.9479039851,-80.6944693914,-91.1810670607,-91.5674118707,-89.3936602125,-89.3930006163
-107.558079327,-108.964759852,-94.6710264357,-91.0681473306,-91.0932313995,-93.4974073923,-112.896680754,-108.36614627,-107.771135412,-106.510302031,-108.237228465,-107.542158254,-109.217787748,-109.347400471,-111.082010149,-107.923091662,-106.969944555,-106.01365464,-108.579011112,-110.519314182,-77.6985315101,-77.1068655129,-76.879836798,-84.0883173831,-88.4469327181,-93.4160698866,-100.947260061,-100.93612941,-91.7928007142,-91.6792931795
-110.473961839,-110.593678897,-96.9218837769,-96.1515368132,-96.0239258753,-102.236417747,-108.272223361,-110.644021822,-112.591450231,-109.446143369,-110.568143198,-106.980308704,-106.833799737,-106.817101259,-110.03898864,-115.265911486,-110.103665347,-110.084909753,-109.716917676,-111.039051115,-98.9394233702,-84.455274941,-82.8818754197,-79.7688496883,-81.489201836,-82.3052463492,-94.2676479361,-94.2979691109,-89.9962296841,-89.9822646543
-101.070943772,-102.911456124,-105.861658286,-104.201851646,-102.772480099,-103.446242699,-104.559090633,-106.791718248,-108.845030817,-109.649459286,-109.904376737,-98.8645784874,-84.9641527682,-84.9617669438,-85.1096610987,-105.004584245,-103.907016265,-103.995788588,-104.918198756,-104.69471094,-104.123555482,-103.983071787,-105.961828118,-113.746096874,-114.3009899,-113.023884222,-110.87189403,-108.255512616,-106.497513867,-107.155530609
-104.878837346,-108.069177865,-103.154101485,-102.762996968,-103.654572183,-107.704059092,-107.624813202,-107.370037505,-106.738387937,-107.715015511,-107.372302751,-109.043956619,-108.39919955,-106.895434902,-107.447196985,-106.631125049,-107.862395596,-106.516790375,-108.189316871,-107.881261847,-108.709110277,-108.337763064,-101.684150355,-101.789543678,-101.090320274,-106.708881704,-107.332754054,-111.890506273,-108.15100189,-107.879374025
-96.2179276772,-102.362648483,-98.7906229192,-98.7323168245,-98.6105188455,-107.41797471,-107.63395212,-108.41360341,-109.346632271,-111.333676031,-109.816671017,-101.877032558,-87.6297205641,-87.6177550043,-87.732319093,-106.662819088,-107.469932678,-108.077260808,-107.356204008,-107.35525737,-109.186684386,-107.060351082,-105.251818762,-105.259051346,-105.64368839,-109.340100002,-107.721769046,-110.409132871,-109.229696358,-104.192727099
-94.2627418371,-99.3134028734,-100.051280168,-100.026202385,-100.22623119,-107.837952449,-110.097565547,-107.652486866,-108.460350484,-109.066323481,-113.26545618,-110.784345128,-89.7773668775,-89.7761654718,-89.7415710685,-108.238320723,-107.12516212,-110.610598106,-108.69708644,-106.282274493,-106.467726186,-107.264391667,-110.898672456,-107.973920224,-107.751301104,-108.625008608,-113.101616732,-115.796129233,-116.593011878,-112.954191969
-85.2316397896,-100.639030422,-102.599881993,-106.682337619,-107.545790611,-112.510069819,-108.54615556,-104.786834633,-104.829762098,-106.051695323,-112.79648175,-105.665082346,-104.586250049,-102.595635016,-104.245904236,-105.353903975,-109.067902713,-111.476861474,-111.929064234,-111.192724555,-110.164492927,-110.600969643,-106.568320327,-106.944789434,-106.337062096,-108.89306438,-109.005957583,-108.561672415,-107.792299975,-106.729357734
-76.2934136786,-101.413841078,-104.532510387,-104.297066374,-104.597029169,-108.60258947,-109.783668388,-112.960095931,-112.205571264,-112.691852009,-109.727676067,-107.419301595,-98.7936343121,-98.9432781355,-99.15880131,-108.774602912,-107.768672466,-107.30205728,-107.51040825,-105.512232426,-103.98423947,-102.680997905,-103.320481872,-104.427450236,-108.127721863,-110.42247759,-117.426559192,-105.713962666,-105.539031047,-104.314325713
-80.1594411323,-107.927209404,-103.608168779,-104.455451877,-104.458391008,-113.655730056,-111.474964206,-107.248211882,-107.20165064,-106.924598559,-108.53227497,-103.952439726,-101.825081416,-102.115153828,-104.147233296,-109.346282011,-106.916835524,-104.430758799,-105.011801834,-102.891733896,-102.955376606,-102.943270536,-105.589085228,-108.481587207,-105.716659455,-107.424359177,-107.857553846,-108.699975829,-108.49061429,-104.716181615
-87.1608257641,-98.1408249246,-100.953673639,-103.283995642,-105.591330364,-108.697140381,-116.146179287,-110.770948458,-111.221125358,-110.756243204,-116.725533008,-107.869297669,-88.7971106329,-88.7463496498,-88.7519977527,-104.885329585,-107.024788502,-111.156175589,-111.99911984,-105.759888948,-105.40025367,-105.618072248,-109.076225366,-107.87632314,-103.424311002,-103.703813882,-104.156605786,-110.069634443,-113.350518729,-109.85312633
-92.5729166686,-100.611518516,-103.564668063,-109.887532244,-109.256769577,-109.179633486,-105.734422317,-105.524760783,-105.687272329,-110.141019791,-108.008393418,-102.120926056,-89.2203668571,-89.2279164301,-89.377094668,-106.6827847,-106.457810251,-107.907712555,-107.88973809,-110.345092828,-105.094833939,-105.605559441,-105.221834747,-108.935391956,-107.63986074,-108.384247415,-106.881884386,-108.240663125,-107.732956924,-111.265516956
-94.7874966328,-105.342806405,-102.157386135,-102.388595411,-103.561533917,-108.894765038,-103.0905965,-103.409793923,-103.242225659,-109.023793125,-109.051798662,-98.5130897287,-81.7775966987,-81.7782310981,-81.8628745931,-107.322590584,-104.106239197,-104.371181994,-105.834839047,-107.07191974,-104.037420878,-103.531602709,-104.41188117,-107.877536524,-103.87816073,-103.205594248,-103.021413049,-105.992013503,-110.179761137,-106.737170939
-99.679817278,-106.474118249,-104.060039566,-103.042031557,-104.313544063,-107.279793029,-109.587281901,-106.507152804,-104.397429189,-102.415008204,-103.12874304,-104.198350148,-85.5022799854,-85.4807928517,-85.4795318394,-106.225945067,-107.099939663,-107.081414682,-106.047155811,-106.939013888,-106.87325808,-107.22609664,-108.454613448,-108.129418649,-108.006403335,-108.002891263,-110.316891197,-111.433335022,-106.757396169,-104.838639106
-97.546469633,-103.880057464,-105.154614578,-104.764398575,-103.41271122,-107.061474436,-107.593915404,-112.431625659,-112.455313402,-114.810571044,-114.134349945,-109.550778442,-92.8643865297,-92.8521445374,-92.8523122886,-107.38989439,-106.566968923,-107.035692266,-108.690892357,-103.961939894,-102.989518705,-102.852451493,-106.743394632,-111.275145766,-109.822786404,-111.513124498,-110.215260249,-110.422030806,-109.585870338,-107.310617067
-96.1544742555,-100.651499105,-113.146110905,-110.557083554,-110.709902813,-110.179626505,-111.99968082,-113.780812832,-115.777975253,-121.995924038,-108.559901472,-103.741059961,-93.8521648214,-93.9818753777,-94.230410966,-110.670725641,-109.151533031,-104.887752174,-104.558495634,-104.756837117,-109.739847365,-111.273222426,-109.327060154,-110.418630578,-109.898476098,-113.699746248,-111.723479581,-111.978948314,-112.323925817,-115.394823428
-97.054131791,-103.96093562,-104.472941495,-104.156654191,-104.129745037,-109.868519058,-110.061750741,-109.515752832,-111.082626475,-112.033102472,-113.110617809,-111.42629093,-88.7200906222,-88.6770533839,-88.6305662969,-104.554532643,-105.352913362,-109.164325999,-109.733084788,-109.76895484,-107.709186643,-107.744309104,-109.034733671,-111.73290331,-108.984306937,-106.82901013,-106.575193017,-107.3875341,-110.491973923,-109.015041012
-95.5196037461,-103.108508342,-105.219774973,-106.866686762,-107.040533992,-110.094859186,-108.640709921,-109.162248997,-109.019818741,-106.374003803,-105.461720433,-105.892720569,-90.6737317686,-90.6964693474,-90.7066303528,-113.457452466,-112.036195798,-111.820266051,-109.787665864,-105.360859346,-104.844187758,-105.08235547,-110.122552939,-113.336016726,-108.097571673,-107.95284192,-108.166662588,-111.904469686,-111.63318552,-111.006150543
-95.7719203426,-100.588327193,-102.607950687,-102.988886875,-103.207027857,-111.363292002,-110.422567576,-109.442758115,-110.37082056,-111.858980371,-116.053838065,-103.647548833,-91.5013223155,-91.4923846003,-91.7454117658,-111.771958466,-109.396759894,-107.138475712,-106.228328146,-107.666326369,-106.410880332,-107.519213793,-107.383071985,-112.280552825,-111.473376804,-111.094522758,-111.551528759,-111.484810442,-110.475100578,-109.003025262
-103.102402638,-111.3305487,-111.810173557,-110.710702362,-110.401492904,-109.99844211,-110.657417773,-106.691427902,-105.978469984,-106.302091726,-109.304723905,-110.38680651,-110.518226251,-113.719654125,-111.558396191,-110.09615492,-109.403961643,-106.153732138,-106.719671877,-106.294790855,-109.138435359,-107.535925381,-108.119353207,-110.111657035,-112.48163791,-108.877006569,-108.423871603,-107.420410176,-100.193810014,-100.268687478
-105.926302414,-107.288461004,-107.786273355,-108.787530498,-109.88509572,-106.898922181,-108.066189135,-93.6374168327,-93.7633195306,-93.7457901764,-113.762107304,-109.452321476,-109.064955553,-106.628360145,-107.474897151,-105.054579607,-106.37443895,-107.069595446,-112.670412573,-113.453479681,-109.240825697,-108.115610279,-106.287059842,-107.280885091,-107.997020099,-111.255523897,-111.270048118,-113.552486168,-103.001788085,-97.2903105967
-102.179910454,-109.018811453,-107.408694891,-107.509091988,-109.707367222,-112.316233029,-110.201388063,-95.6718487309,-95.702374545,-95.6815796464,-111.303575586,-110.438184403,-111.505436283,-110.229500165,-108.533580633,-103.152722325,-102.800630447,-102.0740744,-106.141113437,-107.363029843,-109.801639819,-109.672145563,-109.525682706,-109.437013758,-107.246829428,-106.638864187,-108.067333125,-108.044724758,-100.805843599,-97.8758246197
-103.788202002,-108.097130271,-106.69684389,-108.265481692,-106.639747541,-108.719183838,-108.490610024,-101.196757712,-101.29052221,-101.32972714,-108.320953897,-107.466349168,-106.418433654,-108.200973672,-108.389373668,-108.841467184,-108.614017984,-109.300548412,-110.562466791,-111.458416366,-112.383185095,-111.09657245,-109.990878702,-109.002762969,-109.847952295,-109.232502322,-110.311862084,-110.21956267,-99.8190502049,-95.8538328174
-104.562663026,-105.771060371,-109.807132143,-102.875258618,-102.35746181,-102.532660909,-109.155808799,-90.0787435073,-90.0491703994,-90.0088278122,-105.631842293,-105.771629335,-105.832637985,-105.80052416,-104.855122194,-104.836235134,-105.454697731,-103.550266837,-104.284559178,-103.55856972,-107.449415379,-107.297372417,-107.828980695,-108.72877736,-108.475088433,-112.931938259,-112.825637279,-114.980590982,-99.7725852948,-99.3549933713
-101.20233976,-107.23533448,-107.316770338,-104.963293817,-105.010682762,-103.397901575,-103.632959731,-97.1822356361,-97.6577040206,-97.9533186027,-113.325559005,-118.25597326,-116.457746085,-118.438918317,-108.089642364,-105.042857769,-104.161172697,-104.019450407,-106.407045999,-107.834728662,-104.3689749,-104.091166618,-103.339184914,-107.412303898,-107.053157333,-108.443448834,-108.76926926,-110.299512106,-97.2971950502,-93.755822398
-99.1827428266,-110.220920477,-111.150177537,-110.567905519,-111.557969871,-111.586907479,-109.878873929,-99.9046426522,-99.8472673763,-99.5425948133,-106.802969548,-106.590124594,-108.900446894,-109.936666369,-108.617062257,-107.196461504,-104.334100354,-103.862497262,-104.866355152,-104.110550979,-105.364935792,-104.587068432,-110.07147614,-110.009997778,-114.772954701,-108.413837775,-107.611774368,-107.0420273,-101.321594937,-99.8777027469
-97.8603874683,-105.756732726,-107.466039822,-107.004493784,-107.280560646,-108.062394829,-108.447095092,-109.548679674,-107.650754988,-106.151592404,-105.526562191,-106.984594998,-106.830448157,-105.885466696,-105.494881964,-104.900742186,-105.529162357,-104.460876497,-105.782397044,-106.290648423,-106.636847571,-104.623877645,-104.409615848,-105.28423825,-106.761616977,-106.186920858,-106.270877837,-106.022976748,-103.435213566,-94.1483646013
-95.3631018788,-101.553131516,-101.486169525,-101.098944881,-101.254021464,-102.034685108,-101.43230084,-96.3240927487,-96.1442454837,-96.3498958843,-100.247681535,-101.473730555,-100.233702927,-101.129679185,-101.088980554,-102.192945084,-101.539269327,-100.915421686,-101.522504793,-102.0626024,-99.6332539704,-99.7120562181,-100.086966759,-101.890098371,-102.03219147,-98.2655633913,-98.4831789156,-97.9949240788,-94.4030584943,-93.5841427123
-98.7221974475,-103.037905001,-103.198132006,-103.798340608,-104.742436918,-99.3696016659,-98.85568365,-98.4738747855,-102.687531727,-105.828420811,-110.600527589,-107.255234141,-108.345017434,-107.746064732,-110.005426265,-111.215806534,-111.06614284,-104.96066873,-104.169280314,-102.315615597,-104.024603728,-104.605090687,-103.054812407,-103.651398422,-102.45448852,-103.847903965,-103.903447604,-105.89215517,-95.9283041841,-95.5438949904
-106.554372026,-106.981409039,-106.254858793,-106.120025956,-104.340541501,-103.367648659,-102.951059499,-101.420528484,-102.108282625,-101.874615409,-106.879111885,-106.406297538,-107.515960147,-108.816653819,-110.610832167,-113.870916553,-111.239262712,-111.754777715,-111.451021477,-114.297371702,-110.044058396,-110.614835725,-108.690474897,-107.512413311,-106.51575056,-107.376938635,-110.780810534,-111.535954568,-99.6916720913,-89.7899523612
-103.955571561,-111.64123348,-110.465775504,-110.461331909,-110.440600913,-108.210853791,-108.035317342,-101.753456865,-101.862506297,-101.520472954,-107.397400415,-109.464883205,-108.383041893,-108.545090878,-107.538020965,-109.412380621,-109.313000378,-103.486068733,-103.71982693,-103.814661814,-108.957833755,-108.863763375,-105.126840456,-105.09442839,-104.83488259,-108.290874291,-109.415709432,-110.269028137,-94.2594436992,-93.1340485211
-103.104278872,-107.894665562,-110.285443306,-111.929566733,-106.186652382,-105.862985532,-105.874188208,-109.581192184,-110.706721497,-111.120292278,-114.398080986,-109.864648036,-107.314171879,-105.594882193,-105.829159333,-105.805536548,-106.692273022,-107.807262384,-109.179679224,-109.129340666,-107.062354139,-107.739069419,-105.865673618,-106.847554431,-106.993059175,-106.95150131,-107.66384111,-107.809738683,-105.447193259,-96.9632251861
-100.003756038,-105.916656407,-105.352883446,-106.793626548,-107.061641095,-106.012378969,-106.14333896,-103.8918537,-105.708773717,-106.416574874,-113.926297279,-111.534730515,-108.736787007,-109.310063441,-107.510235322,-103.087454814,-102.957622148,-101.591501014,-104.814510459,-105.156028856,-114.797482096,-110.142677162,-106.277438705,-106.402098212,-105.7383772,-105.979005453,-105.834041115,-105.249864491,-107.19122073,-97.1803725391
-94.7792935508,-109.777727033,-108.88468901,-111.080394385,-111.144474827,-109.729365506,-109.65272632,-102.573557406,-102.816813288,-102.610788042,-110.270890011,-108.97420734,-109.360744925,-108.001949679,-106.452103424,-105.342958192,-105.27422566,-103.309118287,-104.179923063,-105.095017342,-117.185618249,-114.233306413,-112.222209288,-111.648654366,-109.237663165,-109.879927065,-108.882615345,-110.063825933,-103.119171703,-102.344900485
-95.6440838176,-115.418149894,-113.583178034,-114.440875544,-110.680858391,-110.326265962,-110.238448627,-108.012900705,-108.900324873,-108.883466123,-115.231344801,-110.851293617,-109.898997121,-109.692212721,-111.223116098,-106.801140722,-105.646913105,-104.473200626,-106.963354663,-107.062086108,-110.029016634,-107.636344644,-110.241171526,-110.177261361,-111.626348535,-111.691511167,-112.238388744,-118.654278476,-110.548983934,-101.288676529
-107.670374387,-107.820513239,-110.305041978,-110.268554802,-100.455104534,-99.1154460237,-99.0640437541,-103.382388488,-111.540045592,-106.798240573,-105.254127502,-104.674656206,-101.95194234,-101.249612056,-101.248272195,-105.458625664,-105.726313216,-106.256475789,-106.317610518,-112.68451129,-114.482909058,-112.4766568,-103.993620145,-103.368634655,-102.70075648,-105.319383498,-103.848100859,-101.944366178,-102.166904248,-103.054290744
-109.385246653,-109.609301585,-106.584806878,-107.832100828,-103.863270446,-101.155817853,-100.996604292,-102.611989083,-106.777575853,-107.001927643,-103.350108783,-104.802119854,-104.406698962,-107.572898078,-107.717505497,-108.634215344,-112.027823703,-113.249358906,-113.938743877,-105.202597263,-104.165322757,-104.035094658,-109.314400182,-104.445295527,-102.439069144,-102.233596242,-98.8978970842,-98.7085294458,-97.2992434449,-100.479233006
-109.893039666,-113.381407137,-109.081653205,-109.515194651,-110.078271251,-96.0099649092,-95.9363036448,-95.9180606619,-109.747387123,-103.524347518,-103.101099468,-99.8392895366,-98.797619268,-96.2199128853,-97.4473107952,-99.4597950501,-115.74208853,-111.023731053,-108.260002096,-108.364135452,-109.355193942,-112.392801429,-112.860526783,-107.291044859,-106.708964221,-104.640866381,-106.461159253,-104.661578609,-105.080758708,-105.102245773
-112.657410014,-105.316104521,-105.2089983,-105.381528986,-97.7106620464,-97.1392860688,-97.1434204806,-105.454687629,-117.443173789,-102.670256398,-102.62480485,-97.5035188802,-97.1707885617,-96.1590505412,-99.2250102565,-102.693543297,-112.573698864,-109.858481459,-109.944459721,-110.610892732,-113.093878774,-112.122285578,-112.210186897,-106.603519127,-103.565226661,-99.009609036,-99.3886180496,-99.2624981192,-103.012948342,-103.691997928
-110.295522504,-110.959171383,-110.366739325,-108.889327092,-104.673808922,-102.923644099,-103.183764033,-105.197792682,-109.484635791,-104.033086067,-104.783636354,-104.640625612,-105.390431529,-103.782272144,-103.972187768,-107.29146343,-113.245861751,-107.374368862,-105.695679808,-105.662828761,-109.066401578,-117.511899219,-113.834323238,-110.29799433,-107.514556577,-108.411447689,-102.643806076,-97.6791443943,-95.6629388885,-96.4479862556
-111.27073567,-105.293522451,-105.096213541,-105.247928358,-100.643943791,-99.6906605615,-99.6902690467,-105.484186958,-110.784180757,-109.909352056,-106.971175667,-99.0855479804,-98.6981148248,-98.0915584125,-103.090076725,-104.245043602,-111.17713302,-106.531462707,-105.875701336,-105.843093025,-107.720611075,-108.966938078,-106.852811703,-108.405079553,-108.771918714,-106.183609223,-104.911404709,-101.892477632,-103.011729379,-103.539109188
-109.565759945,-108.976810159,-109.772927215,-107.669357369,-102.99392209,-90.9769756601,-90.9908358125,-91.1877243557,-108.223327231,-108.889609267,-108.548570795,-108.221493949,-102.274644666,-98.6903923121,-98.7817572469,-100.547845784,-108.025964873,-107.789977907,-107.975219927,-107.80483962,-108.443654787,-108.406925212,-113.349702529,-109.330084973,-100.597535813,-98.9484149189,-98.9588457275,-103.016464034,-101.572807568,-101.648781712
-112.600798843,-106.660800237,-106.624785786,-105.41906217,-106.671939966,-101.513421982,-102.072821436,-102.475435489,-109.135410825,-106.252302199,-107.108531173,-107.873945707,-108.740501042,-106.831604571,-107.064596754,-110.104894458,-112.62028516,-108.923699494,-108.161766097,-108.95161436,-109.8790951,-109.260277202,-107.86971156,-101.815674594,-102.075909885,-102.041255024,-102.586001902,-100.001200514,-99.6515427689,-101.646312021
-114.255988062,-116.670893475,-113.24028644,-110.51144164,-96.4655950815,-95.8071762422,-95.8201266242,-102.056006435,-105.971790404,-104.883282274,-106.151565901,-102.633800732,-100.001811008,-100.049745482,-101.553280071,-107.330662337,-106.753223843,-106.513270738,-105.016533078,-105.270663283,-103.99583204,-105.116574146,-106.088559061,-107.242277169,-104.41556293,-103.171049943,-104.068330725,-102.22101795,-103.175639154,-103.198879917
-112.869205964,-111.77973522,-105.673119553,-105.395497852,-95.1833257497,-94.0669026521,-93.8809717854,-98.8217475768,-106.640895529,-102.61300147,-102.332263929,-100.340276567,-101.531316501,-101.31265919,-104.134458246,-107.930520222,-106.423950728,-106.119683642,-107.745169782,-115.2923505,-107.752673981,-106.674720951,-102.725576959,-103.378681008,-100.653089936,-100.221494431,-100.023260102,-101.340513485,-101.828181834,-102.465837306
-110.385524879,-109.253080035,-105.324478078,-104.930165479,-94.3231849111,-88.3501147582,-88.3542175601,-89.5172480192,-111.511510023,-109.369873205,-108.507308208,-106.404023725,-107.575965896,-106.848622427,-109.162333248,-108.938570297,-112.298228915,-112.201466038,-112.092094905,-108.571796381,-108.622908781,-108.592642446,-105.827138629,-105.837113028,-104.035369382,-104.415489392,-102.249892476,-100.427787306,-100.381571564,-101.727718301
-110.618907282,-106.170134505,-100.401679846,-100.473017037,-94.5296894845,-95.040539454,-95.0434811362,-104.424282034,-111.259789739,-105.626421137,-104.58137421,-102.012326999,-100.600666918,-99.3999185214,-100.730545156,-104.15712478,-118.169308228,-115.141305971,-113.257358091,-106.458480834,-105.959681952,-106.383652156,-109.702750557,-105.75610507,-100.541881172,-100.062717595,-101.06509776,-104.948461849,-104.420084992,-104.337094386
-113.170512628,-105.44587269,-105.251957621,-104.972444798,-107.523809724,-100.771190931,-100.406938534,-100.905915904,-109.621959415,-108.2125265,-108.29376596,-105.622964697,-103.093275082,-100.129143009,-100.553985247,-101.993693256,-107.974454148,-106.201374008,-107.093459728,-106.86128203,-110.134336048,-111.835935187,-111.128601884,-110.34228056,-111.768498939,-104.981758779,-104.906821528,-102.598837624,-104.203480515,-103.857229442
-109.848266282,-112.067716066,-108.353927387,-107.600173035,-106.76724113,-108.470601794,-111.696729633,-108.659059034,-107.597363387,-105.193933098,-106.689940173,-104.744283881,-106.278519927,-104.70449452,-107.924286801,-106.395978596,-108.784295873,-108.602743149,-109.579457824,-110.47889975,-110.405840359,-109.763087784,-107.993299238,-107.208140058,-105.949436567,-105.017696233,-101.534960988,-99.3324290461,-98.9611425083,-100.558932648
-110.019240602,-109.44851006,-107.94641978,-108.004197587,-108.141223382,-106.909130357,-107.381955447,-108.59620167,-110.56293883,-106.772062167,-106.853316,-105.165281398,-106.495041784,-104.652679797,-106.894015083,-107.969648471,-112.200523459,-108.194302488,-108.256576262,-108.92651664,-113.8380904,-115.299195492,-115.48391031,-112.660467799,-106.887904966,-106.909380785,-107.302449149,-106.807036816,-104.46295693,-104.742693182
-113.581125847,-110.891587887,-110.37282671,-110.246748534,-108.651150196,-105.924205041,-105.700377018,-107.376129891,-114.558664624,-108.921459677,-108.111286479,-105.216250695,-107.18430358,-107.301543112,-110.365154402,-110.024010018,-112.019250695,-115.633937287,-115.937462304,-114.535217002,-117.441406654,-111.037441848,-108.425693237,-108.067543539,-103.736715339,-103.574297252,-103.483495575,-107.88982792,-108.098112428,-108.034635809
